/*
SQLyog Ultimate v12.09 (32 bit)
MySQL - 5.6.15 : Database - a
*********************************************************************
*/

/*!40101 SET NAMES utf8 */;

/*!40101 SET SQL_MODE=''*/;

/*!40014 SET @OLD_UNIQUE_CHECKS=@@UNIQUE_CHECKS, UNIQUE_CHECKS=0 */;
/*!40014 SET @OLD_FOREIGN_KEY_CHECKS=@@FOREIGN_KEY_CHECKS, FOREIGN_KEY_CHECKS=0 */;
/*!40101 SET @OLD_SQL_MODE=@@SQL_MODE, SQL_MODE='NO_AUTO_VALUE_ON_ZERO' */;
/*!40111 SET @OLD_SQL_NOTES=@@SQL_NOTES, SQL_NOTES=0 */;
/*Table structure for table `groups` */

DROP TABLE IF EXISTS `groups`;

CREATE TABLE `groups` (
  `id` int(11) NOT NULL AUTO_INCREMENT,
  `name` varchar(100) NOT NULL,
  PRIMARY KEY (`id`)
) ENGINE=MyISAM AUTO_INCREMENT=3 DEFAULT CHARSET=utf8;

/*Data for the table `groups` */

LOCK TABLES `groups` WRITE;

insert  into `groups`(`id`,`name`) values (1,'小学'),(2,'中学');

UNLOCK TABLES;

/*Table structure for table `items` */

DROP TABLE IF EXISTS `items`;

CREATE TABLE `items` (
  `id` int(11) NOT NULL AUTO_INCREMENT,
  `name` varchar(100) NOT NULL,
  `type` varchar(50) NOT NULL,
  `max` int(11) DEFAULT '0',
  PRIMARY KEY (`id`)
) ENGINE=MyISAM AUTO_INCREMENT=11 DEFAULT CHARSET=utf8;

/*Data for the table `items` */

LOCK TABLES `items` WRITE;

insert  into `items`(`id`,`name`,`type`,`max`) values (1,'1/10遥控电动越野竞速赛','个人项目',3),(2,'1/10遥控电动房车竞速赛','个人项目',3),(3,'1/16遥控电动越野、大脚车竞速赛','个人项目',3),(4,'1/16遥控电动房车竞速赛','个人项目',3),(5,'1/18遥控电动车竞速赛','个人项目',3),(6,'1/28遥控电动房车竞速赛','个人项目',3),(7,'“闪电冲线教育特供”竞速赛','个人项目',3),(8,'电动四驱车拼装赛','个人项目',3),(9,'风动车直线竞速赛','个人项目',3),(10,'车辆模型电脑模拟赛','个人项目',3);

UNLOCK TABLES;

/*Table structure for table `students` */

DROP TABLE IF EXISTS `students`;

CREATE TABLE `students` (
  `id` int(11) NOT NULL AUTO_INCREMENT,
  `name` varchar(100) NOT NULL,
  `user_id` int(11) NOT NULL,
  `group_id` int(11) NOT NULL,
  `item_id` int(11) NOT NULL,
  `remark` text NOT NULL,
  `created_at` timestamp NOT NULL DEFAULT '0000-00-00 00:00:00',
  `updated_at` timestamp NOT NULL DEFAULT '0000-00-00 00:00:00',
  PRIMARY KEY (`id`),
  KEY `item_id` (`item_id`),
  KEY `group_id` (`group_id`),
  KEY `user_id` (`user_id`),
  KEY `created_at` (`created_at`),
  KEY `updated_at` (`updated_at`)
) ENGINE=MyISAM AUTO_INCREMENT=516 DEFAULT CHARSET=utf8;

/*Data for the table `students` */

LOCK TABLES `students` WRITE;

insert  into `students`(`id`,`name`,`user_id`,`group_id`,`item_id`,`remark`,`created_at`,`updated_at`) values (1,'陆奕昊',25,2,1,'','2016-03-03 07:41:48','2016-03-03 07:41:48'),(2,'张承晖',25,2,1,'','2016-03-03 07:42:07','2016-03-03 08:26:17'),(3,'潘志伟',25,2,1,'','2016-03-03 07:42:22','2016-03-03 07:42:22'),(4,'陆奕昊',25,2,2,'','2016-03-03 07:46:02','2016-03-03 07:46:02'),(5,'邵屹昂',25,2,2,'','2016-03-03 07:46:32','2016-03-03 07:46:32'),(6,'潘志伟',25,2,2,'','2016-03-03 07:46:41','2016-03-03 07:46:41'),(7,'陆晔',25,2,9,'','2016-03-03 07:52:22','2016-03-03 08:08:47'),(8,'何子豪',25,2,7,'','2016-03-03 07:52:37','2016-03-03 08:03:00'),(10,'潘志伟',25,2,3,'','2016-03-03 08:10:40','2016-03-03 08:10:40'),(11,'张承晖',25,2,3,'','2016-03-03 08:11:00','2016-03-03 08:11:00'),(12,'陆奕昊',25,2,4,'','2016-03-03 08:11:20','2016-03-03 08:11:20'),(13,'邵屹昂',25,2,4,'','2016-03-03 08:11:28','2016-03-03 08:11:28'),(20,'陈昊',66,1,4,'','2016-03-07 14:49:00','2016-03-07 14:49:00'),(15,'邵屹昂',25,2,5,'','2016-03-03 08:14:07','2016-03-03 08:25:28'),(16,'沈峰',25,2,6,'','2016-03-03 08:14:38','2016-03-03 08:14:38'),(17,'怀英杰',25,2,10,'','2016-03-03 08:16:42','2016-03-03 08:16:42'),(18,'沈峰',25,2,3,'','2016-03-03 08:27:46','2016-03-03 08:27:46'),(19,'卢玉玲',25,2,7,'','2016-03-03 08:29:49','2016-03-03 08:29:49'),(21,'陈昊',66,1,5,'','2016-03-07 14:49:10','2016-03-07 14:49:10'),(22,'陈昊',66,1,3,'','2016-03-07 14:49:21','2016-03-07 14:49:21'),(23,'刘明志',66,1,4,'','2016-03-07 14:50:40','2016-03-07 14:50:40'),(24,'刘明志',66,1,3,'','2016-03-07 14:51:09','2016-03-07 14:51:09'),(25,'王嘉诚',66,1,3,'','2016-03-08 08:48:59','2016-03-08 08:48:59'),(26,'王嘉诚',66,1,4,'','2016-03-08 08:49:08','2016-03-08 08:49:08'),(27,'王嘉诚',66,1,5,'','2016-03-08 08:49:51','2016-03-08 08:49:51'),(28,'顾一凡',68,1,7,'','2016-03-10 10:04:01','2016-03-10 10:04:01'),(29,'宋慈',68,1,8,'','2016-03-10 10:04:33','2016-03-10 10:04:33'),(30,'张威龙',68,1,8,'','2016-03-10 10:05:15','2016-03-10 10:05:15'),(31,'唐云飞',68,1,7,'','2016-03-10 10:05:43','2016-03-10 12:12:18'),(32,'张胜杰',68,1,7,'','2016-03-10 12:12:34','2016-03-10 12:12:34'),(33,'洪金宝',68,1,8,'','2016-03-10 12:12:52','2016-03-10 12:12:52'),(34,'李昱德',9,2,1,'','2016-03-15 08:03:39','2016-03-15 08:03:39'),(35,'石廉',9,2,3,'','2016-03-15 08:04:41','2016-03-15 08:04:41'),(36,'吴敬业',9,2,9,'','2016-03-15 08:05:41','2016-03-15 08:05:41'),(37,'凌宇昊',9,2,9,'','2016-03-15 08:06:06','2016-03-15 08:06:06'),(38,'华扬',9,2,9,'','2016-03-15 08:06:30','2016-03-15 08:06:30'),(39,'朱宇豪',9,2,9,'','2016-03-15 08:06:49','2016-03-15 08:06:49'),(40,'杨羿',9,2,8,'','2016-03-15 08:07:07','2016-03-15 08:07:07'),(41,'张驰',9,2,8,'','2016-03-15 08:07:23','2016-03-15 08:07:23'),(42,'孙鑫尧',9,2,8,'','2016-03-15 08:07:45','2016-03-15 08:07:45'),(43,'吴雨泽',9,2,9,'','2016-03-15 08:08:05','2016-03-23 08:04:11'),(44,'王威',47,1,2,'','2016-03-15 10:03:06','2016-03-15 12:35:00'),(45,'蒋睿恺',47,1,3,'','2016-03-15 10:03:32','2016-03-15 10:03:32'),(46,'蒋睿恺',47,1,5,'','2016-03-15 10:03:50','2016-03-15 10:03:50'),(47,'蒋睿恺',47,1,10,'','2016-03-15 10:05:10','2016-03-15 10:05:10'),(48,'姚程',47,1,4,'','2016-03-15 10:06:13','2016-03-15 10:06:13'),(49,'姚程',47,1,10,'','2016-03-15 10:06:16','2016-03-15 10:08:24'),(50,'姚程',47,1,5,'','2016-03-15 10:06:39','2016-03-15 10:07:33'),(51,'姚程',47,1,3,'','2016-03-15 10:07:02','2016-03-15 10:07:02'),(52,'王威',47,1,5,'','2016-03-15 10:09:27','2016-03-15 10:09:27'),(53,'王威',47,1,3,'','2016-03-15 10:09:47','2016-03-15 10:09:47'),(54,'王威',47,1,10,'','2016-03-15 10:10:36','2016-03-15 10:10:36'),(55,'戴星泽',47,1,10,'','2016-03-15 10:10:53','2016-03-15 10:10:53'),(56,'戴星泽',47,1,6,'','2016-03-15 10:11:35','2016-03-15 10:11:35'),(57,'戴星泽',47,1,7,'','2016-03-15 10:12:22','2016-03-15 10:12:22'),(58,'邓智轩',68,1,9,'','2016-03-15 15:12:31','2016-03-15 15:12:31'),(59,'陈子浩',68,1,9,'','2016-03-15 15:12:52','2016-03-15 15:12:52'),(60,'吴浩',68,1,9,'','2016-03-15 15:13:10','2016-03-15 15:13:10'),(61,'刘明志',66,1,5,'','2016-03-15 15:52:07','2016-03-15 15:52:07'),(62,'沈艺博',45,1,3,'','2016-03-16 08:19:18','2016-03-16 08:19:18'),(63,'刘梦晨',45,1,3,'','2016-03-16 08:19:33','2016-03-16 08:19:33'),(64,'陈一豪',45,1,3,'','2016-03-16 08:19:44','2016-03-16 08:19:44'),(65,'沈艺博',45,1,4,'','2016-03-16 08:20:04','2016-03-16 08:20:04'),(66,'肖岱筠',45,1,4,'','2016-03-16 08:20:16','2016-03-16 08:20:16'),(67,'陈一豪',45,1,4,'','2016-03-16 08:20:28','2016-03-16 08:20:28'),(68,'沈艺博',45,1,5,'','2016-03-16 08:20:52','2016-03-16 08:20:52'),(69,'刘梦晨',45,1,5,'','2016-03-16 08:21:05','2016-03-16 08:21:05'),(70,'陈一豪',45,1,5,'','2016-03-16 08:21:18','2016-03-16 08:21:18'),(71,'沈艺博',45,1,6,'','2016-03-16 08:21:37','2016-03-16 08:21:37'),(72,'肖岱筠',45,1,6,'','2016-03-16 08:21:49','2016-03-16 08:21:49'),(73,'陈一豪',45,1,6,'','2016-03-16 08:22:00','2016-03-16 08:22:00'),(74,'顾子文',45,1,7,'','2016-03-16 08:22:19','2016-03-16 08:22:19'),(75,'曹州',45,1,7,'','2016-03-16 08:22:30','2016-03-16 08:22:30'),(76,'胡子旭',45,1,7,'','2016-03-16 08:22:42','2016-03-16 08:22:42'),(77,'赵力帆',45,1,8,'','2016-03-16 08:22:57','2016-03-16 08:22:57'),(78,'汤陈晞',45,1,8,'','2016-03-16 08:23:09','2016-03-16 08:23:09'),(79,'王起龙',45,1,8,'','2016-03-16 08:23:20','2016-03-16 08:23:20'),(80,'蔡金鹏',45,1,9,'','2016-03-16 08:23:38','2016-03-16 08:23:38'),(81,'曹陆洋',45,1,9,'','2016-03-16 08:24:07','2016-03-16 08:24:07'),(82,'曾奕恺',45,1,9,'','2016-03-16 08:24:17','2016-03-16 08:24:17'),(83,'夏昱驰',78,1,9,'','2016-03-16 09:03:20','2016-03-18 08:52:57'),(84,'卢岩涛',78,1,9,'','2016-03-16 09:03:35','2016-03-16 09:03:35'),(85,'杨振宇',78,1,9,'','2016-03-16 09:04:39','2016-03-16 09:04:39'),(86,'徐耀扬',78,1,8,'','2016-03-16 09:05:12','2016-03-18 08:51:55'),(87,'李欣悦',78,1,8,'','2016-03-16 09:05:27','2016-03-16 09:05:27'),(88,'袁羿铖',78,1,8,'','2016-03-16 09:06:37','2016-03-16 09:06:37'),(89,'刘哲',46,1,8,'','2016-03-16 11:59:16','2016-03-16 11:59:16'),(90,'陆俊杰',46,1,8,'','2016-03-16 11:59:34','2016-03-16 11:59:34'),(91,'何进',46,1,8,'','2016-03-16 11:59:47','2016-03-16 11:59:47'),(92,'吴昊',46,1,9,'','2016-03-16 12:00:16','2016-03-16 12:00:16'),(93,'朱博亮',46,1,9,'','2016-03-16 12:00:31','2016-03-16 12:00:31'),(94,'唐朱缘奇',46,1,9,'','2016-03-16 12:00:45','2016-03-16 12:00:45'),(95,'支松屹',185,1,8,'','2016-03-16 12:09:19','2016-03-16 12:09:19'),(96,'董雨棠',185,1,8,'','2016-03-16 12:09:33','2016-03-16 12:09:33'),(97,'卢日淦',185,1,8,'','2016-03-16 12:09:46','2016-03-16 12:09:46'),(98,'吕裕恒',185,1,9,'','2016-03-16 12:09:59','2016-03-16 12:09:59'),(99,'马瑛杰',185,1,9,'','2016-03-16 12:10:13','2016-03-16 12:10:13'),(100,'马嘉悦',185,1,9,'','2016-03-16 12:10:32','2016-03-16 12:10:32'),(101,'马全',70,1,7,'','2016-03-16 14:18:52','2016-03-16 14:18:52'),(102,'彭成阳',70,1,7,'','2016-03-16 14:19:13','2016-03-16 14:19:13'),(103,'邢立坤',70,1,7,'','2016-03-16 14:19:26','2016-03-16 14:19:26'),(104,'吴庆昆',70,1,9,'','2016-03-16 14:19:47','2016-03-16 14:19:47'),(105,'王一博',70,1,9,'','2016-03-16 14:19:59','2016-03-16 14:19:59'),(159,'施潭江',76,1,8,'','2016-03-20 12:02:10','2016-03-20 12:02:10'),(160,'沈徐乐',76,1,8,'','2016-03-20 12:02:25','2016-03-20 12:02:25'),(109,'白皓铭',70,1,8,'','2016-03-16 14:21:12','2016-03-16 14:21:12'),(110,'郭洪闻',70,1,8,'','2016-03-16 14:21:23','2016-03-16 14:21:23'),(111,'钱剩雨',70,1,8,'','2016-03-16 14:21:48','2016-03-16 14:21:48'),(112,'吴承志',36,1,8,'','2016-03-16 14:58:58','2016-03-16 14:58:58'),(113,'李旭伟',36,1,8,'','2016-03-16 14:59:12','2016-03-16 14:59:12'),(114,'顾心雨',36,1,8,'','2016-03-16 14:59:28','2016-03-16 14:59:28'),(115,'徐顾',72,1,8,'','2016-03-17 11:59:50','2016-03-17 11:59:50'),(116,'尹嘉峪',72,1,8,'','2016-03-17 12:00:12','2016-03-17 12:00:12'),(117,'林子淘',72,1,8,'','2016-03-17 12:03:57','2016-03-17 12:03:57'),(118,'唐天浩',72,1,9,'','2016-03-17 12:04:48','2016-03-17 12:04:48'),(119,'尚航航',72,1,9,'','2016-03-17 12:05:08','2016-03-17 12:05:08'),(120,'许如清',72,1,9,'','2016-03-17 12:05:30','2016-03-17 12:05:30'),(161,'孟铭',39,1,8,'','2016-03-21 07:30:15','2016-03-22 09:42:08'),(122,'李明羲',39,1,8,'','2016-03-17 12:09:16','2016-03-17 12:09:16'),(123,'何堃煜',66,1,8,'','2016-03-17 15:04:25','2016-03-17 15:04:25'),(124,'刘丁珲',66,1,8,'','2016-03-17 15:05:01','2016-03-17 15:05:01'),(125,'沈志豪',66,1,8,'','2016-03-17 15:05:20','2016-03-17 15:05:20'),(126,'何孟迪',79,1,10,'','2016-03-17 15:28:54','2016-03-17 15:28:54'),(127,'杨童',79,1,10,'','2016-03-17 15:29:09','2016-03-17 15:29:09'),(128,'吴振杰',79,1,10,'','2016-03-17 15:29:39','2016-03-17 15:29:39'),(129,'顾煊',79,1,9,'','2016-03-17 15:30:14','2016-03-17 15:30:14'),(130,'王杰',79,1,9,'','2016-03-17 15:30:26','2016-03-17 15:30:26'),(131,'丁伟烨',79,1,9,'','2016-03-17 15:31:13','2016-03-17 15:31:13'),(132,'蒋志阳',79,1,8,'','2016-03-17 15:31:28','2016-03-17 15:31:28'),(133,'朱煜',79,1,8,'','2016-03-17 15:31:46','2016-03-17 15:31:46'),(134,'李明瑞',79,1,8,'','2016-03-17 15:32:00','2016-03-17 15:32:00'),(135,'刘天昊',76,1,8,'','2016-03-18 10:54:04','2016-03-18 10:54:04'),(136,'王志平',53,1,6,'','2016-03-18 11:08:40','2016-03-18 11:08:40'),(165,'沈奕楠',39,1,7,'','2016-03-21 07:32:15','2016-03-21 07:32:15'),(138,'王宇轩',53,1,6,'','2016-03-18 11:08:56','2016-03-18 11:08:56'),(164,'梁静怡',39,1,9,'','2016-03-21 07:31:59','2016-03-21 07:31:59'),(140,'刘晓帆',53,1,6,'','2016-03-18 11:09:19','2016-03-18 11:09:19'),(141,'徐壕哲',53,1,7,'','2016-03-18 11:09:41','2016-03-18 11:09:41'),(142,'谢灏',53,1,7,'','2016-03-18 11:09:57','2016-03-18 11:09:57'),(163,'李沁婷',39,1,9,'','2016-03-21 07:31:48','2016-03-21 07:31:48'),(145,'屈孟超',53,1,7,'','2016-03-18 11:10:22','2016-03-18 11:10:22'),(156,'刘耘韬',76,1,9,'','2016-03-18 12:12:29','2016-03-18 12:12:29'),(147,'朱嘉呈',53,1,8,'','2016-03-18 11:10:36','2016-03-18 11:10:36'),(148,'左程果',53,1,8,'','2016-03-18 11:10:47','2016-03-18 11:10:47'),(149,'韩东豪',53,1,8,'','2016-03-18 11:10:59','2016-03-18 11:10:59'),(162,'曾慧娴',39,1,9,'','2016-03-21 07:30:54','2016-03-21 07:30:54'),(158,'喻佳伟',76,1,9,'','2016-03-18 12:12:57','2016-03-18 12:12:57'),(157,'吕进毅',76,1,9,'','2016-03-18 12:12:44','2016-03-18 12:12:44'),(153,'徐一',53,1,9,'','2016-03-18 11:11:30','2016-03-18 11:11:30'),(154,'魏俊杰',53,1,9,'','2016-03-18 11:11:46','2016-03-18 11:11:46'),(155,'严永正',53,1,9,'','2016-03-18 11:12:00','2016-03-18 11:12:00'),(166,'李庆昆',39,1,7,'','2016-03-21 07:32:49','2016-03-21 07:32:49'),(167,'杨冠群',39,1,7,'','2016-03-21 07:33:10','2016-03-21 07:33:10'),(169,'陈振洋',23,2,9,'','2016-03-21 07:36:30','2016-03-21 07:36:30'),(170,'孙建成',23,2,9,'','2016-03-21 07:38:03','2016-03-21 07:38:03'),(171,'赵英豪',23,2,9,'','2016-03-21 07:38:22','2016-03-21 07:38:22'),(172,'曾涛',23,2,8,'','2016-03-21 07:39:05','2016-03-21 07:39:05'),(173,'范俊杰',23,2,8,'','2016-03-21 07:39:26','2016-03-21 07:39:26'),(174,'沈嘉成',23,2,8,'','2016-03-21 07:39:51','2016-03-21 07:39:51'),(175,'吴国豪',182,1,3,'','2016-03-21 08:29:46','2016-03-21 08:29:46'),(176,'肖子健',182,1,3,'','2016-03-21 08:30:06','2016-03-21 08:30:06'),(177,'陈璞',182,1,3,'','2016-03-21 08:30:17','2016-03-21 08:30:17'),(178,'吴国豪',182,1,4,'','2016-03-21 08:30:29','2016-03-21 08:30:29'),(179,'肖子健',182,1,4,'','2016-03-21 08:30:36','2016-03-21 08:30:36'),(180,'陈璞',182,1,4,'','2016-03-21 08:30:43','2016-03-21 08:30:43'),(181,'缪万凯',182,1,8,'','2016-03-21 08:30:54','2016-03-21 08:30:54'),(182,'于苍龙',182,1,8,'','2016-03-21 08:31:02','2016-03-21 08:31:02'),(183,'孙先俊',182,1,8,'','2016-03-21 08:31:14','2016-03-21 08:31:14'),(184,'杨亮',182,1,7,'','2016-03-21 08:31:57','2016-03-21 08:31:57'),(185,'唐朝',182,1,7,'','2016-03-21 08:32:08','2016-03-21 08:32:08'),(186,'刘浩宇',182,1,7,'','2016-03-21 08:32:21','2016-03-21 08:32:21'),(187,'胡一飞',182,1,9,'','2016-03-21 08:32:34','2016-03-21 08:32:34'),(188,'操跃',182,1,9,'','2016-03-21 08:32:45','2016-03-21 08:32:45'),(189,'郑淳耀',182,1,9,'','2016-03-21 08:33:04','2016-03-21 08:33:04'),(190,'梁雨桐',182,1,10,'','2016-03-21 08:34:49','2016-03-21 08:34:49'),(191,'江刘',182,1,10,'','2016-03-21 08:41:11','2016-03-21 08:41:11'),(192,'潘勇',182,1,10,'','2016-03-21 08:41:21','2016-03-21 08:41:21'),(193,'王鼎衡',44,1,8,'','2016-03-21 08:54:58','2016-03-21 08:54:58'),(194,'程凯',44,1,8,'','2016-03-21 08:55:27','2016-03-21 08:55:27'),(195,'王翌宸',44,1,8,'','2016-03-21 08:56:06','2016-03-21 08:56:06'),(196,'赵宸',44,1,3,'','2016-03-21 08:57:06','2016-03-23 09:41:30'),(197,'玄雨弘',44,1,3,'','2016-03-21 08:57:32','2016-03-21 08:57:32'),(198,'张耀天',44,1,3,'','2016-03-21 08:58:06','2016-03-21 08:58:06'),(199,'李宇哲',67,1,8,'','2016-03-21 09:43:59','2016-03-21 09:43:59'),(200,'甘祺升',67,1,8,'','2016-03-21 09:44:20','2016-03-21 09:44:20'),(201,'王林峰',67,1,8,'','2016-03-21 09:44:30','2016-03-21 09:44:30'),(202,'李晟祥',67,1,9,'','2016-03-21 09:45:10','2016-03-21 09:45:10'),(203,'丁志祥',67,1,9,'','2016-03-21 09:45:20','2016-03-21 09:45:20'),(204,'李坤铖',67,1,9,'','2016-03-21 09:45:33','2016-03-21 09:45:33'),(205,'张巽佩',71,1,8,'','2016-03-21 10:05:54','2016-03-21 10:05:54'),(206,'邵奕敏',71,1,8,'','2016-03-21 10:06:52','2016-03-21 10:06:52'),(207,'濮新力',71,1,8,'','2016-03-21 10:07:15','2016-03-21 10:07:15'),(208,'吴嘉轩',71,1,10,'','2016-03-21 10:07:39','2016-03-21 10:07:39'),(209,'杨政',71,1,10,'','2016-03-21 10:08:06','2016-03-21 10:08:06'),(210,'吴鲲鹏',71,1,10,'','2016-03-21 10:08:26','2016-03-21 10:08:26'),(211,'陈昭霏',71,1,9,'','2016-03-21 10:08:57','2016-03-21 10:08:57'),(212,'尹彦博',71,1,9,'','2016-03-21 10:09:14','2016-03-21 10:09:14'),(213,'倪敏晨',41,1,6,'','2016-03-21 10:22:44','2016-03-21 10:22:44'),(214,'林瑞',41,1,6,'','2016-03-21 10:23:03','2016-03-21 10:23:03'),(215,'张钟杰',41,1,6,'','2016-03-21 10:23:16','2016-03-21 10:23:16'),(216,'王梓源',41,1,10,'','2016-03-21 10:23:41','2016-03-21 10:23:41'),(217,'王梓源',41,1,10,'','2016-03-21 10:23:41','2016-03-21 10:23:41'),(218,'徐翔',41,1,10,'','2016-03-21 10:23:50','2016-03-21 10:23:50'),(219,'范博弈',41,1,10,'','2016-03-21 10:24:00','2016-03-21 10:24:00'),(220,'吴迪',41,1,9,'','2016-03-21 10:27:11','2016-03-21 10:27:11'),(221,'张江昊',41,1,9,'','2016-03-21 10:27:45','2016-03-21 10:27:45'),(222,'汪鼎洋',41,1,9,'','2016-03-21 10:28:27','2016-03-21 10:28:27'),(223,'王宇轩',10,2,8,'','2016-03-21 10:40:10','2016-03-21 10:40:10'),(224,'叶龙俊',10,2,8,'','2016-03-21 10:41:00','2016-03-21 10:41:00'),(225,'陶雨阳',10,2,9,'','2016-03-21 10:41:17','2016-03-21 10:41:17'),(226,'宋程锦',10,2,9,'','2016-03-21 10:41:26','2016-03-21 10:41:26'),(227,'杨沈冰',10,2,9,'','2016-03-21 10:41:36','2016-03-21 10:41:36'),(228,'付铁柱',10,2,10,'','2016-03-21 14:13:51','2016-03-21 14:13:51'),(229,'陈鑫',10,2,10,'','2016-03-21 14:14:02','2016-03-21 14:14:02'),(230,'周涛',10,2,8,'','2016-03-21 14:14:17','2016-03-21 14:14:17'),(231,'庄辰宇',10,2,10,'','2016-03-21 14:14:42','2016-03-21 14:14:42'),(232,'姜顾新',48,1,8,'','2016-03-21 15:36:47','2016-03-21 15:36:47'),(233,'代陈军',48,1,8,'','2016-03-21 15:36:59','2016-03-21 15:36:59'),(234,'张思豪',48,1,8,'','2016-03-21 15:37:13','2016-03-21 15:37:13'),(235,'刘俊彤',48,1,9,'','2016-03-21 15:37:40','2016-03-22 08:54:49'),(236,'朱佳榕',48,1,9,'','2016-03-21 15:37:50','2016-03-21 15:37:50'),(237,'何冯奕',48,1,9,'','2016-03-21 15:38:19','2016-03-21 15:38:19'),(238,'高赵昂',48,1,7,'','2016-03-21 15:38:33','2016-03-21 15:38:33'),(239,'姜懿新',48,1,7,'','2016-03-21 15:38:49','2016-03-22 08:54:40'),(240,'朱宸邺',48,1,7,'','2016-03-21 15:38:59','2016-03-21 15:38:59'),(241,'甄志豪',48,1,3,'','2016-03-21 15:39:44','2016-03-21 15:39:44'),(242,'汤新宇',48,1,3,'','2016-03-21 15:40:05','2016-03-21 15:40:05'),(243,'童一凡',48,1,3,'','2016-03-21 15:40:15','2016-03-21 15:40:15'),(244,'张增族',48,1,10,'','2016-03-21 15:40:28','2016-03-21 15:40:28'),(245,'夏宇恒',48,1,10,'','2016-03-21 15:40:48','2016-03-21 15:40:48'),(246,'曹佳豪',48,1,10,'','2016-03-21 15:41:03','2016-03-21 15:41:03'),(247,'金承汉',44,1,10,'','2016-03-21 15:44:34','2016-03-21 15:44:34'),(248,'程勇杰',70,1,9,'','2016-03-22 07:54:25','2016-03-22 07:54:25'),(249,'沈乐陈',50,1,3,'','2016-03-22 08:10:49','2016-03-22 08:10:49'),(260,'贾静怡',49,1,9,'','2016-03-22 08:58:58','2016-03-22 08:58:58'),(251,'李文昊',50,1,3,'','2016-03-22 08:12:34','2016-03-22 08:12:34'),(252,'沈乐陈',50,1,10,'','2016-03-22 08:12:49','2016-03-22 08:12:49'),(253,'李文昊',50,1,10,'','2016-03-22 08:12:59','2016-03-22 08:12:59'),(254,'金冠羽',50,1,10,'','2016-03-22 08:13:06','2016-03-22 08:13:06'),(255,'蒋天明',50,1,7,'','2016-03-22 08:14:00','2016-03-22 08:14:00'),(256,'李子涵',50,1,7,'','2016-03-22 08:14:08','2016-03-22 08:14:08'),(257,'唐炜森',50,1,8,'','2016-03-22 08:14:55','2016-03-22 08:14:55'),(258,'诸奕凡',50,1,8,'','2016-03-22 08:15:03','2016-03-22 08:15:03'),(259,'胡亿顺',50,1,8,'','2016-03-22 08:15:13','2016-03-22 08:15:13'),(261,'程钰棋',49,1,9,'','2016-03-22 08:59:54','2016-03-22 08:59:54'),(262,'陶敏华',49,1,9,'','2016-03-22 09:00:06','2016-03-22 09:00:06'),(263,'张天益',49,1,2,'','2016-03-22 09:00:21','2016-03-22 09:00:21'),(264,'姚旭峰',49,1,2,'','2016-03-22 09:00:35','2016-03-22 09:00:35'),(265,'徐嘉仪',49,1,2,'','2016-03-22 09:01:02','2016-03-22 09:01:02'),(266,'陆毅',49,1,8,'','2016-03-22 09:01:16','2016-03-22 09:01:16'),(267,'李佳',49,1,8,'','2016-03-22 09:01:34','2016-03-22 09:01:34'),(268,'王浩民',49,1,8,'','2016-03-22 09:01:52','2016-03-22 09:01:52'),(269,'张博轩',58,1,9,'','2016-03-22 09:06:52','2016-03-22 09:06:52'),(270,'束宇豪',58,1,9,'','2016-03-22 09:06:59','2016-03-22 09:06:59'),(271,'徐昊扬',58,1,8,'','2016-03-22 09:07:08','2016-03-22 09:07:08'),(272,'孟亚培',58,1,8,'','2016-03-22 09:08:48','2016-03-22 09:08:48'),(273,'魏熙博',58,1,8,'','2016-03-22 09:09:08','2016-03-22 09:09:08'),(274,'龚建伟',58,1,9,'','2016-03-22 09:09:18','2016-03-22 09:09:18'),(275,'罗万诚',58,1,10,'','2016-03-22 09:09:32','2016-03-22 09:09:32'),(276,'黄馨梦',58,1,10,'','2016-03-22 09:09:52','2016-03-22 09:09:52'),(277,'袁诗涵',58,1,10,'','2016-03-22 09:10:10','2016-03-22 09:10:10'),(278,'钱思宇',39,1,8,'','2016-03-22 09:42:58','2016-03-22 09:42:58'),(279,'左天宝',3,2,9,'','2016-03-22 09:53:26','2016-03-22 09:53:26'),(280,'王智皓',3,2,9,'','2016-03-22 09:54:07','2016-03-22 09:54:07'),(281,'陈阳',3,2,6,'','2016-03-22 09:57:48','2016-03-22 09:57:48'),(282,'从贝贝',3,2,6,'','2016-03-22 09:58:05','2016-03-22 09:58:05'),(283,'张昊轩',3,2,6,'','2016-03-22 09:58:26','2016-03-22 09:58:26'),(284,'卢嘉豪',3,2,9,'','2016-03-22 09:58:43','2016-03-22 09:58:43'),(285,'尹鹏',187,2,6,'','2016-03-22 09:59:28','2016-03-22 09:59:28'),(286,'许昊',187,2,6,'','2016-03-22 09:59:42','2016-03-22 09:59:42'),(287,'徐智豪',187,2,6,'','2016-03-22 09:59:55','2016-03-22 09:59:55'),(288,'周璟添',62,1,2,'','2016-03-22 10:31:21','2016-03-22 10:31:21'),(289,'蓝开寿',56,1,9,'','2016-03-22 10:34:56','2016-03-22 10:34:56'),(290,'孟宇',56,1,9,'','2016-03-22 10:35:17','2016-03-22 10:35:17'),(291,'齐政',56,1,9,'','2016-03-22 10:35:33','2016-03-22 10:35:33'),(292,'王冲',56,1,8,'','2016-03-22 10:35:49','2016-03-22 10:35:49'),(293,'王梓航',56,1,8,'','2016-03-22 10:36:00','2016-03-22 10:36:00'),(294,'朱希豪',56,1,8,'','2016-03-22 10:36:23','2016-03-22 10:36:23'),(295,'金池承',63,1,7,'','2016-03-22 10:38:36','2016-03-22 10:38:36'),(296,'周璟添',62,1,4,'','2016-03-22 10:38:46','2016-03-22 10:38:46'),(298,'周璟添',62,1,6,'','2016-03-22 10:43:53','2016-03-22 10:43:53'),(299,'徐正扬',62,1,2,'','2016-03-22 10:44:23','2016-03-22 10:44:23'),(300,'徐正扬',62,1,5,'','2016-03-22 10:44:39','2016-03-22 10:44:39'),(301,'徐正扬',62,1,6,'','2016-03-22 10:45:03','2016-03-22 10:45:03'),(488,'蒋乙',187,1,1,'','2016-03-23 10:26:39','2016-03-23 10:26:39'),(487,'蒋乙',187,1,3,'','2016-03-23 10:26:29','2016-03-23 10:26:29'),(305,'张倚荣',62,1,1,'','2016-03-22 10:48:32','2016-03-22 10:48:32'),(306,'郑翔天',62,1,2,'','2016-03-22 10:48:56','2016-03-22 10:48:56'),(307,'王铄',34,1,6,'','2016-03-22 12:04:34','2016-03-22 12:04:34'),(308,'张仡浩',34,1,6,'','2016-03-22 12:06:18','2016-03-22 12:06:18'),(309,'荀文杰',34,1,6,'','2016-03-22 12:06:29','2016-03-22 12:06:29'),(310,'章鑫',34,1,10,'','2016-03-22 12:06:42','2016-03-22 12:06:42'),(311,'章园',34,1,10,'','2016-03-22 12:06:57','2016-03-22 12:06:57'),(312,'陈伯达',34,1,10,'','2016-03-22 12:07:07','2016-03-22 12:07:07'),(313,'丁子杰',34,1,8,'','2016-03-22 12:07:20','2016-03-22 12:07:20'),(314,'朋程',34,1,8,'','2016-03-22 12:07:37','2016-03-22 12:07:37'),(315,'李家伟',34,1,8,'','2016-03-22 12:07:49','2016-03-22 12:07:49'),(316,'李杰',34,1,9,'','2016-03-22 12:07:57','2016-03-22 12:07:57'),(317,'孔天依',34,1,9,'','2016-03-22 12:08:16','2016-03-22 12:08:16'),(318,'陈涛',34,1,7,'','2016-03-22 12:08:28','2016-03-22 12:08:28'),(319,'姜涛',34,1,7,'','2016-03-22 12:08:44','2016-03-22 12:08:44'),(320,'陈磊',34,1,7,'','2016-03-22 12:08:54','2016-03-22 12:08:54'),(321,'曹钦航',44,1,10,'','2016-03-22 12:09:16','2016-03-22 12:09:16'),(322,'赵炳强',34,1,9,'','2016-03-22 12:09:37','2016-03-22 12:09:37'),(323,'赵明慧',59,1,9,'','2016-03-22 12:09:39','2016-03-22 12:09:39'),(324,'顾依君',59,1,9,'','2016-03-22 12:09:58','2016-03-22 12:09:58'),(325,'吴璇璇',59,1,9,'','2016-03-22 12:10:26','2016-03-22 12:10:26'),(326,'蒋胤成',59,1,8,'','2016-03-22 12:10:44','2016-03-22 12:10:44'),(327,'鲍雯丽',59,1,8,'','2016-03-22 12:10:55','2016-03-22 12:10:55'),(328,'程肖萱',59,1,8,'','2016-03-22 12:11:11','2016-03-22 12:11:11'),(329,'李天宇',38,1,8,'','2016-03-22 13:11:29','2016-03-22 13:11:29'),(330,'顾印胤',38,1,8,'','2016-03-22 13:12:28','2016-03-22 13:12:28'),(331,'王鹏皓',38,1,8,'','2016-03-22 13:13:19','2016-03-22 13:13:19'),(332,'何云昊',38,1,9,'','2016-03-22 13:13:53','2016-03-22 13:13:53'),(333,'韩傲宇',38,1,9,'','2016-03-22 13:14:29','2016-03-22 13:14:29'),(334,'黄浩',8,2,3,'','2016-03-22 13:29:40','2016-03-22 13:29:40'),(335,'姜宝增',8,2,3,'','2016-03-22 13:29:54','2016-03-22 13:29:54'),(336,'刘鑫',8,2,3,'','2016-03-22 13:30:11','2016-03-22 13:30:11'),(337,'毛雨涛',8,2,7,'','2016-03-22 13:30:54','2016-03-22 13:30:54'),(338,'吴家豪',8,2,7,'','2016-03-22 13:31:08','2016-03-22 13:31:08'),(339,'徐静雯',8,2,7,'','2016-03-22 13:31:26','2016-03-22 13:31:26'),(340,'常家浩',8,2,10,'','2016-03-22 13:32:08','2016-03-22 13:32:08'),(341,'贾浩男',8,2,10,'','2016-03-22 13:32:20','2016-03-22 13:32:20'),(342,'沈祎杰',8,2,10,'','2016-03-22 13:32:31','2016-03-22 13:32:31'),(343,'燕汉生',8,2,8,'','2016-03-22 13:32:57','2016-03-22 13:32:57'),(344,'董杰',8,2,8,'','2016-03-22 13:33:10','2016-03-22 13:33:10'),(345,'金子康',8,2,8,'','2016-03-22 13:33:21','2016-03-22 13:33:21'),(346,'汪子凤',8,2,9,'','2016-03-22 13:34:04','2016-03-22 13:34:04'),(347,'张增钰',8,2,9,'','2016-03-22 13:34:13','2016-03-22 13:34:13'),(348,'周婧',8,2,9,'','2016-03-22 13:34:24','2016-03-22 13:34:24'),(349,'邓泽宇',51,1,6,'','2016-03-22 13:47:10','2016-03-22 13:47:10'),(350,'李致健',51,1,6,'','2016-03-22 13:47:18','2016-03-22 13:47:18'),(351,'彭路瑶',51,1,6,'','2016-03-22 13:47:49','2016-03-22 13:47:49'),(352,'黄逸凡',51,1,8,'','2016-03-22 13:48:11','2016-03-22 13:48:11'),(353,'白宇哲',51,1,8,'','2016-03-22 13:48:25','2016-03-22 13:48:25'),(354,'翁域航',51,1,8,'','2016-03-22 13:48:36','2016-03-22 13:48:36'),(355,'姚顺舟',51,1,9,'','2016-03-22 13:48:50','2016-03-22 13:48:50'),(356,'廖轶飞',51,1,9,'','2016-03-22 13:49:01','2016-03-22 13:49:01'),(357,'陈翔祺',51,1,9,'','2016-03-22 13:49:10','2016-03-22 13:49:10'),(358,'许凯乐',60,1,6,'','2016-03-22 13:51:00','2016-03-22 14:20:13'),(359,'骆俊希',60,1,6,'','2016-03-22 13:51:24','2016-03-22 13:51:24'),(360,'罗越扬',60,1,6,'','2016-03-22 13:52:58','2016-03-22 13:52:58'),(361,'田果果',60,1,2,'','2016-03-22 13:53:59','2016-03-22 13:53:59'),(362,'李凯乘',60,1,2,'','2016-03-22 13:54:25','2016-03-22 13:54:25'),(363,'罗越扬',60,1,2,'','2016-03-22 13:55:03','2016-03-22 13:55:03'),(364,'李凯乘',60,1,4,'','2016-03-22 13:59:17','2016-03-22 13:59:17'),(365,'徐峻楠',60,1,4,'','2016-03-22 13:59:36','2016-03-22 13:59:36'),(366,'许凯乐',60,1,4,'','2016-03-22 13:59:58','2016-03-22 13:59:58'),(367,'田果果',60,1,3,'','2016-03-22 14:00:13','2016-03-22 14:00:13'),(368,'徐峻楠',60,1,3,'','2016-03-22 14:00:26','2016-03-22 14:00:26'),(369,'俞佳均',60,1,3,'','2016-03-22 14:00:47','2016-03-22 14:00:47'),(370,'罗越扬',60,1,5,'','2016-03-22 14:01:17','2016-03-22 14:01:17'),(371,'杨贻同',60,1,7,'','2016-03-22 14:02:28','2016-03-22 14:02:28'),(372,'范玎怡',60,1,7,'','2016-03-22 14:03:04','2016-03-22 14:03:04'),(373,'张方语',60,1,7,'','2016-03-22 14:03:20','2016-03-22 14:03:20'),(374,'朱荣钧',60,1,8,'','2016-03-22 14:04:14','2016-03-22 14:04:14'),(375,'陈傲中',60,1,8,'','2016-03-22 14:06:13','2016-03-22 14:06:13'),(376,'顾竣壹',60,1,8,'','2016-03-22 14:06:28','2016-03-22 14:06:28'),(377,'嵇靖中',60,1,9,'','2016-03-22 14:06:43','2016-03-22 14:06:43'),(378,'许博文',60,1,9,'','2016-03-22 14:06:57','2016-03-22 14:06:57'),(379,'沈佳奇',60,1,9,'','2016-03-22 14:07:08','2016-03-22 14:07:08'),(380,'钱铖',63,1,8,'','2016-03-22 15:15:14','2016-03-22 15:15:14'),(381,'何奕',63,1,8,'','2016-03-22 15:15:30','2016-03-22 15:15:30'),(382,'汪杰',63,1,8,'','2016-03-22 15:15:48','2016-03-22 15:15:48'),(383,'刘伊颖',63,1,9,'','2016-03-22 15:16:16','2016-03-22 15:16:16'),(384,'邹雨欣',63,1,9,'','2016-03-22 15:16:33','2016-03-22 15:16:33'),(385,'陈默',63,1,9,'','2016-03-22 15:17:41','2016-03-22 15:17:41'),(386,'刘奕凡',63,1,7,'','2016-03-22 15:18:20','2016-03-22 15:18:20'),(387,'雷君宇',63,1,7,'','2016-03-22 15:18:53','2016-03-22 15:18:53'),(388,'王沛宇',54,1,7,'','2016-03-22 15:53:59','2016-03-22 15:53:59'),(389,'翟浚成',54,1,7,'','2016-03-22 15:54:17','2016-03-22 15:54:17'),(390,'于明昊',54,1,7,'','2016-03-22 15:54:33','2016-03-22 15:54:33'),(391,'宋洗臣',54,1,10,'','2016-03-22 15:55:24','2016-03-22 15:55:24'),(392,'朱维皓',54,1,10,'','2016-03-22 15:55:43','2016-03-22 15:55:43'),(393,'肖锋',54,1,10,'','2016-03-22 15:55:55','2016-03-22 15:55:55'),(394,'唐译超',23,2,10,'','2016-03-22 16:04:02','2016-03-22 16:04:02'),(395,'陈科',23,2,10,'','2016-03-22 16:04:24','2016-03-22 16:04:24'),(396,'杨嘉齐',23,2,10,'','2016-03-22 16:04:39','2016-03-22 16:04:39'),(397,'丁豪',44,1,10,'','2016-03-22 16:08:03','2016-03-22 16:08:03'),(398,'沈永鑫',62,1,9,'','2016-03-22 16:15:11','2016-03-22 16:15:11'),(399,'钱嘉晟',62,1,9,'','2016-03-22 16:15:28','2016-03-22 16:15:28'),(400,'陈佳昊',62,1,9,'','2016-03-22 16:15:45','2016-03-22 16:15:45'),(401,'谈修宏',62,1,8,'','2016-03-22 16:16:05','2016-03-22 16:16:05'),(402,'王毅然',62,1,8,'','2016-03-22 16:16:18','2016-03-22 16:16:18'),(403,'陆铭昊',62,1,8,'','2016-03-22 16:16:31','2016-03-22 16:16:31'),(404,'周耀银',62,1,7,'','2016-03-22 16:17:03','2016-03-22 16:17:03'),(405,'李东骏',62,1,7,'','2016-03-22 16:17:21','2016-03-22 16:17:21'),(406,'冯孝天',62,1,7,'','2016-03-22 16:17:36','2016-03-22 16:17:36'),(407,'潘朱佳一',52,1,7,'','2016-03-22 16:31:26','2016-03-22 16:31:26'),(408,'苏坤',52,1,7,'','2016-03-22 16:31:46','2016-03-22 16:31:46'),(409,'陈昆阳',52,1,7,'','2016-03-22 16:31:59','2016-03-22 16:31:59'),(410,'李煜麒',52,1,8,'','2016-03-22 16:32:21','2016-03-22 16:32:21'),(411,'雷许鑫',52,1,8,'','2016-03-22 16:32:36','2016-03-22 16:32:36'),(412,'刘杨博宇',62,1,1,'','2016-03-22 17:52:49','2016-03-22 17:52:49'),(413,'胡裕钦',187,1,6,'','2016-03-22 18:00:30','2016-03-22 18:00:30'),(414,'朱卓尔',187,1,6,'','2016-03-22 18:01:08','2016-03-22 18:01:08'),(415,'吴方宇',187,1,6,'','2016-03-22 18:01:20','2016-03-22 18:01:20'),(416,'高翔',64,1,8,'','2016-03-23 07:19:51','2016-03-23 07:19:51'),(417,'吴昊',64,1,8,'','2016-03-23 07:20:02','2016-03-23 07:20:02'),(418,'王震',64,1,8,'','2016-03-23 07:20:14','2016-03-23 07:20:14'),(423,'徐浩翔',75,1,6,'','2016-03-23 07:53:58','2016-03-23 07:53:58'),(420,'臧凯文',64,1,9,'','2016-03-23 07:20:26','2016-03-23 07:20:26'),(421,'郭浩',64,1,9,'','2016-03-23 07:20:39','2016-03-23 07:20:39'),(422,'王世宇',64,1,9,'','2016-03-23 07:20:49','2016-03-23 07:20:49'),(424,'吴张语',75,1,6,'','2016-03-23 07:54:15','2016-03-23 07:54:15'),(425,'张鑫阳',75,1,6,'','2016-03-23 07:54:31','2016-03-23 07:54:31'),(494,'蔡俊晨',175,2,7,'','2016-03-23 10:28:00','2016-03-23 10:28:00'),(427,'杨田翔',75,1,9,'','2016-03-23 07:54:58','2016-03-23 07:54:58'),(493,'张宇轩',187,1,3,'','2016-03-23 10:27:36','2016-03-23 10:27:36'),(455,'金德超',73,1,8,'','2016-03-23 09:07:15','2016-03-23 09:07:15'),(431,'杨睿',75,1,9,'','2016-03-23 07:55:17','2016-03-23 07:55:17'),(432,'高卢浩',75,1,9,'','2016-03-23 07:55:43','2016-03-23 07:55:43'),(433,'戴博',75,1,8,'','2016-03-23 07:56:03','2016-03-23 07:56:03'),(434,'刘佳宝',75,1,8,'','2016-03-23 07:56:21','2016-03-23 07:56:21'),(435,'孙明飞',75,1,8,'','2016-03-23 07:56:36','2016-03-23 07:56:36'),(436,'杨思远',52,1,10,'','2016-03-23 08:00:50','2016-03-23 08:00:50'),(437,'周士涛',52,1,10,'','2016-03-23 08:01:53','2016-03-23 08:01:53'),(438,'都起鑫',52,1,10,'','2016-03-23 08:03:49','2016-03-23 08:03:49'),(439,'周颖琪',52,1,9,'','2016-03-23 08:04:09','2016-03-23 08:04:09'),(440,'闫语',52,1,9,'','2016-03-23 08:07:35','2016-03-23 08:07:35'),(441,'王欣宇',52,1,9,'','2016-03-23 08:07:51','2016-03-23 08:07:51'),(442,'王志远',40,1,4,'','2016-03-23 08:43:04','2016-03-23 08:43:04'),(443,'王志远',40,1,3,'','2016-03-23 08:43:21','2016-03-23 08:43:21'),(444,'陆宸旭',40,1,7,'','2016-03-23 08:43:39','2016-03-23 08:43:39'),(445,'金顺成',40,1,7,'','2016-03-23 08:43:54','2016-03-23 08:43:54'),(446,'胡俊阳',40,1,7,'','2016-03-23 08:44:07','2016-03-23 08:44:07'),(447,'洪黄子珊',40,1,9,'','2016-03-23 08:44:24','2016-03-23 08:44:24'),(448,'顾王诗涵',40,1,9,'','2016-03-23 08:44:35','2016-03-23 08:44:35'),(449,'任明静',40,1,9,'','2016-03-23 08:44:44','2016-03-23 08:44:44'),(450,'柯泽宇',40,1,8,'','2016-03-23 08:45:04','2016-03-23 08:45:04'),(451,'周正宇',40,1,8,'','2016-03-23 08:45:20','2016-03-23 08:45:41'),(452,'孙浦文',40,1,8,'','2016-03-23 08:45:58','2016-03-23 08:45:58'),(453,'赵睿哲',40,1,10,'','2016-03-23 08:46:05','2016-03-23 08:46:05'),(456,'柴轶民',73,1,8,'','2016-03-23 09:08:27','2016-03-23 09:08:27'),(457,'陆佳怡',73,1,9,'','2016-03-23 09:09:08','2016-03-23 09:09:08'),(458,'李永琨',73,1,8,'','2016-03-23 09:09:31','2016-03-23 09:09:31'),(459,'李晨',73,1,9,'','2016-03-23 09:09:42','2016-03-23 09:09:42'),(460,'殷可欣',73,1,9,'','2016-03-23 09:10:08','2016-03-23 09:10:08'),(461,'朱佳成',52,1,8,'','2016-03-23 09:38:01','2016-03-23 09:38:01'),(462,'朱一文',65,1,8,'','2016-03-23 09:38:35','2016-03-23 09:38:35'),(463,'王蕊',65,1,8,'','2016-03-23 09:38:52','2016-03-23 09:38:52'),(464,'陆子妮',65,1,8,'','2016-03-23 09:39:15','2016-03-23 09:39:15'),(465,'季明辉',65,1,9,'','2016-03-23 09:39:40','2016-03-23 09:39:40'),(466,'钱宏杰',65,1,9,'','2016-03-23 09:39:58','2016-03-23 09:39:58'),(467,'朱弘毅',65,1,9,'','2016-03-23 09:40:13','2016-03-23 09:40:13'),(468,'赵宸',44,1,2,'','2016-03-23 09:41:46','2016-03-23 09:41:46'),(469,'玄雨弘',44,1,2,'','2016-03-23 09:41:57','2016-03-23 09:41:57'),(470,'张耀天',44,1,2,'','2016-03-23 09:42:07','2016-03-23 09:42:07'),(471,'冯硕',43,1,7,'','2016-03-23 09:51:14','2016-03-23 09:51:14'),(472,'田宇峰',43,1,7,'','2016-03-23 09:51:29','2016-03-23 09:51:29'),(473,'陆旭',43,1,7,'','2016-03-23 09:51:44','2016-03-23 09:51:44'),(474,'徐清逸',43,1,8,'','2016-03-23 09:52:07','2016-03-23 09:52:07'),(475,'陈子扬',43,1,8,'','2016-03-23 09:52:21','2016-03-23 09:52:21'),(476,'毛熙晨',43,1,8,'','2016-03-23 09:52:50','2016-03-23 09:52:50'),(477,'何强',43,1,9,'','2016-03-23 09:53:11','2016-03-23 09:53:11'),(478,'陈士桐',43,1,9,'','2016-03-23 09:53:49','2016-03-23 09:53:49'),(479,'周小雨',43,1,9,'','2016-03-23 09:54:08','2016-03-23 09:54:08'),(480,'黄文杰',178,2,3,'','2016-03-23 09:54:36','2016-03-23 09:54:36'),(481,'焦健珂',178,2,3,'','2016-03-23 09:54:54','2016-03-23 09:54:54'),(492,'222',37,1,8,'','2016-03-23 10:27:26','2016-03-23 10:27:26'),(495,'11',37,1,8,'','2016-03-23 10:28:20','2016-03-23 10:28:20'),(484,'1',37,1,8,'1','2016-03-23 10:21:48','2016-03-23 10:21:48'),(496,'杜鑫',175,2,7,'','2016-03-23 10:28:31','2016-03-23 10:28:31'),(489,'蔡想',175,1,8,'','2016-03-23 10:26:46','2016-03-23 10:26:46'),(497,'张宇轩',187,1,4,'','2016-03-23 10:28:44','2016-03-23 10:28:44'),(498,'王子恒',175,2,7,'','2016-03-23 10:29:08','2016-03-23 10:29:08'),(500,'张子衿',76,1,3,'','2016-03-23 10:30:10','2016-03-23 10:30:10'),(501,'魏廷谚',175,2,8,'','2016-03-23 10:30:16','2016-03-23 10:30:16'),(502,'李子昂',76,1,3,'','2016-03-23 10:30:26','2016-03-23 10:30:26'),(503,'陈阳',76,1,3,'','2016-03-23 10:30:36','2016-03-23 10:31:00'),(504,'赵阳',175,2,8,'','2016-03-23 10:30:58','2016-03-23 10:30:58'),(505,'蔡俊晨',175,2,8,'','2016-03-23 10:31:40','2016-03-23 10:31:40'),(506,'李爽',54,1,9,'','2016-03-23 10:32:00','2016-03-23 10:32:00'),(507,'袁馨儿',175,2,9,'','2016-03-23 10:32:10','2016-03-23 10:32:10'),(508,'李可欣',175,2,9,'','2016-03-23 10:32:38','2016-03-23 10:32:38'),(509,'朱宇飞',54,1,9,'','2016-03-23 10:32:40','2016-03-23 10:32:40'),(510,'朱婷',175,2,9,'','2016-03-23 10:33:01','2016-03-23 10:33:01'),(511,'袁野',54,1,9,'','2016-03-23 10:33:16','2016-03-23 10:33:16'),(512,'彭淏楠',175,2,6,'','2016-03-23 10:33:32','2016-03-23 10:33:32'),(513,'杜智骏',175,2,6,'','2016-03-23 10:33:58','2016-03-23 10:33:58'),(514,'赵阳',175,2,6,'','2016-03-23 10:34:20','2016-03-23 10:34:20'),(515,'李天翼',54,1,8,'','2016-03-23 10:34:28','2016-03-23 10:34:28');

UNLOCK TABLES;

/*Table structure for table `sysconfigs` */

DROP TABLE IF EXISTS `sysconfigs`;

CREATE TABLE `sysconfigs` (
  `id` varchar(50) NOT NULL,
  `value` tinytext NOT NULL,
  PRIMARY KEY (`id`)
) ENGINE=MyISAM DEFAULT CHARSET=utf8;

/*Data for the table `sysconfigs` */

LOCK TABLES `sysconfigs` WRITE;

insert  into `sysconfigs`(`id`,`value`) values ('info_picture','http://'),('siteClosed','0'),('info','<center>\r\n<a style=\"FONT-size:24px\">2016年昆山市中小学生车模比赛</A>\r\n</center>\r\n<div>\r\n注意：首次登陆密码为空，进入系统后请设置一个新密码。<br />\r\n系统将于2016-3-23 17：00关闭'),('siteCloseTime','2015-10-28 16:30:00');

UNLOCK TABLES;

/*Table structure for table `teachers` */

DROP TABLE IF EXISTS `teachers`;

CREATE TABLE `teachers` (
  `id` int(11) NOT NULL AUTO_INCREMENT,
  `name` varchar(50) NOT NULL,
  `tel` varchar(50) NOT NULL,
  `item_id` int(11) NOT NULL,
  `user_id` int(11) NOT NULL,
  PRIMARY KEY (`id`),
  KEY `item_id` (`item_id`),
  KEY `user_id` (`user_id`)
) ENGINE=MyISAM AUTO_INCREMENT=192 DEFAULT CHARSET=utf8;

/*Data for the table `teachers` */

LOCK TABLES `teachers` WRITE;

insert  into `teachers`(`id`,`name`,`tel`,`item_id`,`user_id`) values (1,'任峰','13862397786',10,25),(2,'任峰','13862397786',1,25),(3,'任峰','13862397786',2,25),(4,'任峰','13862397786',3,25),(5,'任峰','13862397786',4,25),(6,'任峰','13862397786',5,25),(7,'任峰','13862397786',7,25),(8,'任峰','13862397786',9,25),(9,'任峰','13862397786',6,25),(10,'张进','13584942766',1,62),(11,'张进','13584942766',2,62),(12,'顾德贤','13862392101',4,66),(13,'顾德贤','13862392101',3,66),(14,'顾德贤','13862392101',5,66),(15,'顾德贤','13862392101',8,66),(16,'金玉燕','13914963443',7,68),(17,'金玉燕','13914963443',8,68),(18,'金玉燕','13914963443',9,68),(19,'徐益平','15951860411',8,50),(20,'徐益平','15951860411',3,50),(21,'徐益平','15951860411',10,50),(22,'黄悦峰','15895658913',8,36),(23,'鹿西洋','15261176139',7,39),(24,'严文娟','18013270092',8,39),(25,'严文娟','18013270092',9,39),(26,'徐峰','13405156827',1,9),(27,'徐峰','13405156827',3,9),(28,'唐嘉阳','15051612961',8,9),(29,'唐嘉阳','15051612961',9,9),(30,'朱耀良','13776318963',1,47),(31,'朱耀良','13776318963',2,47),(32,'朱耀良','13776318963',3,47),(33,'朱耀良','13776318963',4,47),(34,'朱耀良','13776318963',5,47),(35,'朱耀良','13776318963',10,47),(36,'朱耀良','13776318963',7,47),(37,'朱耀良','13776318963',6,47),(38,'陈学忠','13656269089',3,45),(39,'陈学忠','13656269089',4,45),(40,'陈学忠','13656269089',5,45),(41,'陈学忠','13656269089',6,45),(42,'陈学忠','13656269089',7,45),(43,'陈学忠','13656269089',8,45),(44,'陈学忠','13656269089',9,45),(45,'张玉洁 潘亚燕','13962632889',9,78),(46,'张玉洁 潘亚燕','13962632889',8,78),(47,'张锦','15962626007',9,46),(48,'周奇雯','13773132583',8,46),(49,'周奇雯','13773132583',8,185),(50,'李媛媛','15262728639',9,185),(51,'吴婷','15850312536',7,70),(52,'吴婷','15850312536',8,70),(53,'吴婷','15850312536',9,70),(54,'徐涛','13913551011',8,72),(55,'徐小寒','18896902119',9,72),(56,'王明娟','15151618732',8,79),(57,'汤伟宏','13952459308',9,79),(58,'赵宣东','13962639163',10,79),(59,'刘胜华','18862215888',3,76),(60,'朱大强','18862200186',9,76),(61,'朱正良','15995654439',8,76),(62,'陈雪刚 邓惠林','13511621083 13584950381',6,53),(63,'陈雪刚 邓惠林','13511621083 13584950381',7,53),(64,'陈雪刚 邓惠林','13511621083 13584950381',8,53),(65,'陈雪刚 邓惠林','13511621083 13584950381',9,53),(66,'周学文','13773196994',8,23),(67,'周学文','13773196994',9,23),(68,'曹创建 陈伟强','13584959763',3,182),(69,'曹创建 陈伟强','13584959763',4,182),(70,'曹创建 陈伟强','13584959763',7,182),(71,'曹创建 陈伟强','13584959763',8,182),(72,'曹创建 陈伟强','13584959763',9,182),(73,'曹创建 陈伟强','13584959763',10,182),(74,'金鑫','13511626645',3,44),(75,'金鑫','13511626645',8,44),(76,'金鑫','13511626645',10,44),(77,'顾霆','13405198120',6,77),(78,'顾霆','13405198120',8,77),(79,'顾霆','13405198120',9,77),(80,'王晶','18962659425',8,40),(81,'王晶','18962659425',7,40),(82,'王晶','18962659425',9,40),(83,'王晶','18962659425',10,40),(84,'王晶','18962659425',3,40),(85,'王晶','18962659425',4,40),(86,'杨茜媛 杨洁','18012679099 13057596391',8,67),(87,'王洁 邢玉奇','13915481021 13584911344',9,67),(88,'胡菲','15250185267',8,38),(89,'胡菲','15250185267',9,38),(90,'唐佩蕾','18260241091',8,71),(91,'沈以春','13914982533',9,71),(92,'唐佩蕾','18260241091',10,71),(93,'陈旭东','13013751143',6,3),(94,'陈旭东','13013751143',9,3),(95,'钱斌','15950089685',6,41),(96,'钱斌','15950089685',10,41),(97,'周丽芳','13405238518',9,41),(98,'胡晓东 夏汉明','15962680164 17751726021',8,10),(99,'胡晓东 夏汉明','15962680164 17751726021',9,10),(100,'胡晓东 夏汉明','15962680164 17751726021',10,10),(102,'张华','18914951077',3,48),(103,'顾文','15190137237',7,48),(104,'丁英','15962590752',8,48),(105,'张华','18914951077',9,48),(106,'丁英 顾文','15190137237',10,48),(178,'马玲玲 徐铮','13962427962',8,65),(179,'徐铮  马玲玲','13962427962',9,65),(180,'张雪庚 顾华','13962427962',10,65),(181,'金鑫','13511626645',2,44),(113,'徐益平','15951860411',7,50),(114,'曹俊','13225129552',2,49),(115,'屈蒙琦','18862160650',8,49),(116,'徐春芳','15950181173',9,49),(117,'金凌怡','18021298818',8,58),(118,'金凌怡','18021298818',9,58),(119,'金凌怡','18021298818',10,58),(120,'戴婷婷','13584942766',6,187),(121,'张进','13584942766',10,62),(122,'张进','13584942766',3,62),(123,'张进','13584942766',4,62),(124,'张进','13584942766',5,62),(125,'张进','13584942766',6,62),(126,'王建萍','13732666153',7,63),(127,'王建萍','13732666153',8,63),(128,'王建萍','13732666153',9,63),(129,'沈菁','13812975124',8,56),(130,'沈菁','13812975124',9,56),(131,'刘青 薛楸','13806269399',7,34),(132,'刘青 薛楸','13806269399',8,34),(133,'刘青 薛楸','13806269399',9,34),(134,'刘青 薛楸','13806269399',10,34),(135,'刘青 薛楸','13806269399',6,34),(136,'朱辛彧','15250228122',8,59),(137,'陈银吉','13405100030',9,59),(138,'李文兴 潘哲丰','18962683738',3,8),(139,'李文兴 潘哲丰','18962683738',7,8),(140,'李文兴 潘哲丰','18962683738',8,8),(141,'李文兴 潘哲丰','18962683738',9,8),(142,'李文兴','18962683738',10,8),(145,'汤忠弟、戴婷婷','15250232880',3,60),(144,'汤忠弟、戴婷婷','15250232880',2,60),(146,'汤忠弟、戴婷婷','15250232880',4,60),(147,'汤忠弟、戴婷婷','15250232880',5,60),(148,'汤忠弟、戴婷婷','15250232880',6,60),(149,'徐玉燕 姚晓娟','15051686226 18550059108',6,51),(150,'徐玉燕 姚晓娟','15051686226 18550059108',8,51),(151,'徐玉燕 姚晓娟','15051686226 18550059108',9,51),(152,'汤忠弟、戴婷婷','15250232880',7,60),(153,'汤忠弟、戴婷婷','15250232880',8,60),(154,'汤忠弟、戴婷婷','15250232880',9,60),(155,'金彬','15995651019',7,54),(156,'金彬','15995651019',10,54),(157,'管哲','13511637564',8,54),(158,'管哲','13511637564',9,54),(159,'朱月良','15152810125',4,54),(160,'朱月良','15152810125',6,54),(161,'周学文','13773196994',10,23),(162,'屈晓清 张芸艳','13511620996',7,62),(163,'屈晓清 张芸艳','13511620996',8,62),(164,'屈晓清 张芸艳','13511620996',9,62),(165,'徐晓彬','18626253668',7,52),(166,'徐晓彬','18626253668',8,52),(167,'于鼎','15950924758',9,52),(168,'于鼎','15950924758',10,52),(169,'陈晨','13962667118',8,64),(170,'陈晨','13962667118',9,64),(171,'徐耕楠','13952450392',6,75),(172,'贾晶权','15906131722',8,75),(173,'贾晶权','15906131722',9,75),(174,'顾杰','15506250512',8,37),(175,'魏明茎','18012689155',3,178),(176,'马静强','18662260963',9,73),(177,'马静强','18662260963',8,73),(182,'李美元','13912683082',7,43),(183,'韩旭','17768087895',8,43),(184,'傅坚毅','13862657098',9,43),(185,'万国勤 高丽丽','1585032462815962627284',7,175),(186,'万国勤 高丽丽','1585032462815962627284',6,175),(187,'万国勤 陶伟华','1585032462813962699740',8,175),(188,'万国勤 林黎','1585032462813706244009',9,175),(189,'张进','13584942766',1,187),(190,'张进','13584942766',3,187),(191,'张进','13584942766',4,187);

UNLOCK TABLES;

/*Table structure for table `users` */

DROP TABLE IF EXISTS `users`;

CREATE TABLE `users` (
  `id` int(11) NOT NULL AUTO_INCREMENT,
  `username` varchar(20) NOT NULL,
  `password` varchar(100) NOT NULL,
  `leader` varchar(20) NOT NULL DEFAULT '',
  `address` varchar(200) NOT NULL,
  `tel` varchar(20) NOT NULL,
  `diners` int(11) NOT NULL,
  `type` varchar(20) NOT NULL,
  `isadmin` enum('0','1') NOT NULL COMMENT '是否为管理员',
  `limitItemMax` enum('0','1') NOT NULL DEFAULT '1' COMMENT '是否限制各项目的报名人数',
  PRIMARY KEY (`id`),
  UNIQUE KEY `username` (`username`),
  KEY `type` (`type`)
) ENGINE=MyISAM AUTO_INCREMENT=188 DEFAULT CHARSET=utf8;

/*Data for the table `users` */

LOCK TABLES `users` WRITE;

insert  into `users`(`id`,`username`,`password`,`leader`,`address`,`tel`,`diners`,`type`,`isadmin`,`limitItemMax`) values (1,'系统管理员','$2y$10$1A5.dA.5i8okVQ4/64qTd.psa6xLooWQ1xHERipuvKfOtOZjRHpx2','','','',0,'管理员','1','1'),(2,'﻿昆山高新区吴淞江学校（初中部）','$2y$10$l5HtFE..B5nzinQ764XkEujnxnME70Z7C9fAuv8pNnAkRTmO/Pt1C','','','',0,'初中','0','1'),(3,'昆山开发区青阳港学校（初中部）','$2y$10$GBImNlcbsbh0h10S2bf7r.dfUPPMum67pBDw50O3hBzA30sDs9fva','徐琪忠','开发区西巷路青阳港学校','13732667010',0,'初中','0','1'),(4,'昆山市兵希中学','$2y$10$l5HtFE..B5nzinQ764XkEujnxnME70Z7C9fAuv8pNnAkRTmO/Pt1C','','','',0,'初中','0','1'),(5,'昆山市城北中学','$2y$10$l5HtFE..B5nzinQ764XkEujnxnME70Z7C9fAuv8pNnAkRTmO/Pt1C','','','',0,'初中','0','1'),(6,'昆山市第二中学','$2y$10$l5HtFE..B5nzinQ764XkEujnxnME70Z7C9fAuv8pNnAkRTmO/Pt1C','','','',0,'初中','0','1'),(7,'昆山市淀山湖中学','$2y$10$l5HtFE..B5nzinQ764XkEujnxnME70Z7C9fAuv8pNnAkRTmO/Pt1C','','','',0,'初中','0','1'),(8,'昆山市费俊龙中学（初中部）','$2y$10$hRdv46wZOmTGYYu.J3esb.5/erArw.nZPVwKrTOGWn8HGwxcbnHP2','李文兴','昆山市巴城镇景城南路56号','18962683738',0,'初中','0','1'),(9,'昆山市葛江中学','$2y$10$5FyGvHpGtW4Z0jVsxAf2SO2JBZsfnFzgfz6T/XoVqnQrFL4H.ZWru','徐峰','昆山市葛江中学','13405156827',13,'初中','0','1'),(10,'昆山市花桥中学','$2y$10$gCXFZ9PuNoPeotMyiL/qqui6Jghg0ycM.Nr6dzG/S3VXxhpkW1vSW','林晨杰','花桥经济开发区花园路185号花桥中学','13862662276',12,'初中','0','1'),(11,'昆山市锦溪中学','$2y$10$l5HtFE..B5nzinQ764XkEujnxnME70Z7C9fAuv8pNnAkRTmO/Pt1C','','','',0,'初中','0','1'),(12,'昆山市娄江实验学校（初中部）','$2y$10$8QGWDCo8J8awt34dDCT66eLkCLdvY2IbuCBVwWxCAh5mlDj6d4Eo6','','','',0,'初中','0','1'),(13,'昆山市陆家中学','$2y$10$l5HtFE..B5nzinQ764XkEujnxnME70Z7C9fAuv8pNnAkRTmO/Pt1C','','','',0,'初中','0','1'),(14,'昆山市鹿峰初级中学','$2y$10$l5HtFE..B5nzinQ764XkEujnxnME70Z7C9fAuv8pNnAkRTmO/Pt1C','','','',0,'初中','0','1'),(15,'昆山市蓬朗中学','$2y$10$l5HtFE..B5nzinQ764XkEujnxnME70Z7C9fAuv8pNnAkRTmO/Pt1C','','','',0,'初中','0','1'),(16,'昆山市石牌中学','$2y$10$l5HtFE..B5nzinQ764XkEujnxnME70Z7C9fAuv8pNnAkRTmO/Pt1C','','','',0,'初中','0','1'),(17,'昆山市石浦中学','$2y$10$l5HtFE..B5nzinQ764XkEujnxnME70Z7C9fAuv8pNnAkRTmO/Pt1C','','','',0,'初中','0','1'),(18,'昆山市亭林中学','$2y$10$l5HtFE..B5nzinQ764XkEujnxnME70Z7C9fAuv8pNnAkRTmO/Pt1C','','','',0,'初中','0','1'),(19,'昆山市新镇中学','$2y$10$NuYmTyUN.Qjpgkf.sTpig.zSWjYxA1m3bCPQnG/c2wb3hiP507pxC','','','',0,'初中','0','1'),(20,'昆山市秀峰中学','$2y$10$l5HtFE..B5nzinQ764XkEujnxnME70Z7C9fAuv8pNnAkRTmO/Pt1C','','','',0,'初中','0','1'),(21,'昆山市玉山中学','$2y$10$l5HtFE..B5nzinQ764XkEujnxnME70Z7C9fAuv8pNnAkRTmO/Pt1C','','','',0,'初中','0','0'),(22,'昆山市张浦中学','$2y$10$pp/c2G13ru.ziZ/ZYFMJdOfMQzhBoe5kuxTQoQcDZ6ml5qiOpWf4u','沈鹰峰','昆山市张浦中学','18662541476',1,'初中','0','1'),(23,'昆山市正仪中学','$2y$10$lq1ZHu1D8wah4B0GY5ws1ufrt/dfVjpGJiOZPBPIIa6jNFFAyFnm.','龚建生','昆山市正仪中学','13405197610',0,'初中','0','1'),(24,'昆山市周市中学','$2y$10$l5HtFE..B5nzinQ764XkEujnxnME70Z7C9fAuv8pNnAkRTmO/Pt1C','','','',0,'初中','0','1'),(25,'昆山市周庄中学','$2y$10$dd9t2vu22.sKvJoLLGYXkeDYWXJQNm4mKWHuGKvWcdD2NxgUvEDFC','郁建新','周庄镇周同路1号','57211619',12,'初中','0','0'),(26,'江苏省昆山中学','$2y$10$l5HtFE..B5nzinQ764XkEujnxnME70Z7C9fAuv8pNnAkRTmO/Pt1C','','','',0,'高中','0','1'),(27,'昆山经济技术开发区高级中学','$2y$10$l5HtFE..B5nzinQ764XkEujnxnME70Z7C9fAuv8pNnAkRTmO/Pt1C','','','',0,'高中','0','1'),(28,'昆山陆家高级中学','$2y$10$l5HtFE..B5nzinQ764XkEujnxnME70Z7C9fAuv8pNnAkRTmO/Pt1C','','','',0,'高中','0','1'),(29,'昆山市第一中学','$2y$10$l5HtFE..B5nzinQ764XkEujnxnME70Z7C9fAuv8pNnAkRTmO/Pt1C','','','',0,'高中','0','1'),(30,'昆山市费俊龙中学（高中部）','$2y$10$l5HtFE..B5nzinQ764XkEujnxnME70Z7C9fAuv8pNnAkRTmO/Pt1C','','','',0,'高中','0','1'),(31,'昆山文峰高级中学','$2y$10$l5HtFE..B5nzinQ764XkEujnxnME70Z7C9fAuv8pNnAkRTmO/Pt1C','','','',0,'高中','0','1'),(32,'昆山震川高级中学','$2y$10$l5HtFE..B5nzinQ764XkEujnxnME70Z7C9fAuv8pNnAkRTmO/Pt1C','','','',0,'高中','0','0'),(33,'昆山高新区美陆小学','$2y$10$l5HtFE..B5nzinQ764XkEujnxnME70Z7C9fAuv8pNnAkRTmO/Pt1C','','','',0,'小学','0','1'),(34,'昆山高新区吴淞江学校（小学部）','$2y$10$nH4ahr7kt6K9cScqGLs.uOJCn4aYob.QS2a2D1LklIlUkef7txEUe','薛楸','昆山高新区北淞路88号','13806269399',0,'小学','0','1'),(35,'昆山花桥国际商务城花溪小学','$2y$10$l5HtFE..B5nzinQ764XkEujnxnME70Z7C9fAuv8pNnAkRTmO/Pt1C','','','',0,'小学','0','1'),(36,'昆山经济技术开发区包桥小学','$2y$10$CBY6espu0jX5fbHePK.fm.moNTCBWy3H34sZVgPrGbfDwBjdAUywC','黄悦峰','昆山经济技术开发区包桥小学','15895658913',4,'小学','0','1'),(37,'昆山经济技术开发区实验小学','$2y$10$8sfKPje3tHNTUn.jhzu.8udO2CQANbuNBd5th00HBOVdXFz8IfOvi','顾杰','黄河北路127号','15506250512',0,'小学','0','0'),(38,'昆山经济技术开发区中华园小学','$2y$10$sMpv1J.iXCQNwz0vISEcK.zKHIbVZdYv00i1R.IeALvhu9UsyRFTe','沈云飞','昆山经济技术开发区中华园小学','13451788748',0,'小学','0','1'),(39,'昆山经济开发区世茂小学','$2y$10$0aTcYfoZPAHYNcX1qoV3.eQhYmNeSLTGt995BTjA.9VsCOMdTqD3m','严文娟','昆山开发区世茂小学','18013270092',12,'小学','0','1'),(40,'昆山开发区晨曦小学','$2y$10$8xPcTkMmCbsByi4qs3vYZebu4mLHaU8RQX3NMj7m6uUdYOAwhglQ6','卜方明','晨曦小学','13773017210',13,'小学','0','1'),(41,'昆山开发区青阳港学校（小学部）','$2y$10$.yVuCcnkQEk9FcIrRAEBde32QuJC0wZ4uTrULdNaWw9bdF2VVuala','徐琪忠','昆山开发区青阳港学校','13405238518',0,'小学','0','1'),(42,'昆山开发区世茂蝶湖湾小学','$2y$10$l5HtFE..B5nzinQ764XkEujnxnME70Z7C9fAuv8pNnAkRTmO/Pt1C','','','',0,'小学','0','1'),(43,'昆山市巴城中心小学校','$2y$10$a34gIpCeObXJXVs.lLIEC.AzahKEIw76CWisZk4ISmV5wGwzIFnlW','张启龙','巴城中心小学','13773126164',12,'小学','0','1'),(44,'昆山市柏庐实验小学','$2y$10$AApl0yqoNl.D31CQkQRFneGiYyKda8UaJZYawp8EUU8CPm/QFHlYS','金叶','昆山市东门街16号','15962645462',0,'小学','0','1'),(45,'昆山市城北高科园中心小学','$2y$10$3kxetznDbHylaF6U97ynee/s9c2H7jxraFhB5S8tDhUB1IvW.hIGS','凌志芬','昆山高科园小学','13912671096',18,'小学','0','1'),(46,'昆山市城北中心小学校','$2y$10$.hoDfW7vcVgG.YHLbqCgGeblmZ5x2DU3fpjVSrnu1hJwEjpzb2j6q','谈琴芳','昆山市城北中心小学校','13776312582',0,'小学','0','1'),(47,'昆山市大市中心小学校','$2y$10$vliR1jtsP9KsgTRDYsXo.OxRwQNTGo.upES2hrYbacpMOe1xumWCO','徐阿筱','昆山市大市学新路88号','13913217001',0,'小学','0','1'),(48,'昆山市淀山湖中心小学校','$2y$10$x8bDcEvqEVVoTCbsMmyUUOm/OczMYb5szg6HlgxstuR8TLv1IjQMi','段杰','淀山湖小学校','15962670955',0,'小学','0','1'),(49,'昆山市花桥中心小学校','$2y$10$Bvl1XLgbhY/rAQgoYpcmROwJKC9RYz66fIRz4jOYTXZhtseV3TXrW','陶红','昆山市花桥中心小学校','13862643808',0,'小学','0','1'),(50,'昆山市锦溪中心小学校','$2y$10$AYDe1DRB/iin5d.FNlA4R.9A6pXEVGdaS0DdZOCghmRuU9QBhxFIS','陆强','锦溪镇锦富路421号','18962690198',0,'小学','0','1'),(51,'昆山市娄江实验学校（小学部）','$2y$10$vAAneSI1riLTlCqo.Wp5YuB6qn3ckCow.6391xoazr7f20AO6FBVS','徐玉燕','昆山市玉山镇思常路6号','15051686226',0,'小学','0','1'),(52,'昆山市陆家中心小学校','$2y$10$jMA2e0/zr4gYj1FlPYWPyeeFw152/EcfY9Hq3ZY78dTiSK9NIWsGq','孙兴龙','昆山市陆家中心校','13962633397',15,'小学','0','1'),(53,'昆山市南港中心小学校','$2y$10$0gWTVrvDVisfaghsALIb3OAThei0ZcmDfBNbkXamThgy2sN/xDsju','许国忠','张浦镇南港街道望江路173号','13915749390',0,'小学','0','1'),(54,'昆山市培本实验小学','$2y$10$iqEzO4KrZyH0GZYVqXJO0OaQRog0b5ueav0XOUpv/6ck78V2o02By','金彬','昆山市培本实验小学','57552247',0,'小学','0','1'),(55,'昆山市蓬朗中心小学校','$2y$10$l5HtFE..B5nzinQ764XkEujnxnME70Z7C9fAuv8pNnAkRTmO/Pt1C','','','',0,'小学','0','1'),(56,'昆山市千灯镇炎武小学','$2y$10$5jv7pDh8glMkNRqMDTwI7.3K.stDuUEF.yj8E2bMBcXqKWK2f.1aG','沈菁','昆山市千灯镇炎武小学卫泾路9号','13812975124',0,'小学','0','1'),(57,'昆山市千灯中心小学校','$2y$10$l5HtFE..B5nzinQ764XkEujnxnME70Z7C9fAuv8pNnAkRTmO/Pt1C','','','',0,'小学','0','1'),(58,'昆山市石牌中心小学校','$2y$10$FEDPcuXStPRBiJmTRQFHoeJZbisY9ZMRvzf3fSm8Hi6c/76/S3YES','徐森林','昆山市玉石路石牌中心校','13913235685',11,'小学','0','1'),(59,'昆山市石浦中心小学校','$2y$10$Vms6rLlg8boZZnyR..xRZe4QdHcqhcE7s8LbjhOAD2LEjBRgUmax2','金明','昆山市石浦中心小学校','18662356565',0,'小学','0','1'),(60,'昆山市实验小学','$2y$10$zd2QRYJfh0/ciEK0SZtgfu8gW29AOfqv23t1DqCVU6wpV6HadGR8y','孙军','昆山市西塘街26号','13405138008',0,'小学','0','1'),(61,'昆山市新镇中心小学校','$2y$10$l5HtFE..B5nzinQ764XkEujnxnME70Z7C9fAuv8pNnAkRTmO/Pt1C','','','',0,'小学','0','1'),(62,'昆山市玉峰实验学校','$2y$10$z/TKwJGa8iguH9nMwusubeMXRZyqccwzjfziYeCgzWC.S9t2dyf6a','张英','昆山市玉峰实验学校','13862663739',0,'小学','0','1'),(63,'昆山市玉山镇朝阳小学','$2y$10$t8BYDnu6UI0PLI3fc40RhebjZuTkEPYk0D5s7aLehBpSvwDJDFk56','王建萍','昆山市朝阳小学','13732666153',0,'小学','0','1'),(64,'昆山市玉山镇第三中心小学校','$2y$10$Z4sCswuYmUPvan.mgHJk2OTlIDpOkAeeDtlOrnXaKe9IyTgR/Zr9G','陈晨','昆山市三中心小学','13962667118',0,'小学','0','1'),(65,'昆山市玉山镇第一中心小学','$2y$10$Jy1A/oD7GmCTJA7SNarFBuLsF.rtVDKERXvcJs5SnsjunRBZSMM0C','张文华','昆山市玉山镇第一中心小学','13962427962',0,'小学','0','1'),(66,'昆山市玉山镇司徒街小学','$2y$10$aJVQ.JQfnnzCvaJfxpcnP.BW1pFeNmJLQOHuRP0ZUz9nFgicAXE7O','顾德贤','昆山玉山镇司徒街小学','13862392101',0,'小学','0','1'),(67,'昆山市玉山镇同心小学','$2y$10$iFPsBXu2Ax.HEnnOnrvOIecrgS2yyoUbobjdDN6PDY6YN9HoOSqvq','王洁','昆山市崇科路89号','13915481021',11,'小学','0','1'),(68,'昆山市玉山镇西塘小学','$2y$10$WjRk0luloJ2cK7bzgayeU.VdUrFR/fZsel8F78K.Mp3iaMPA1oc0q','金玉燕','昆山市玉山镇西塘街小学，西塘街8号','13914963443',0,'小学','0','1'),(69,'昆山市玉山镇新城域小学','$2y$10$l5HtFE..B5nzinQ764XkEujnxnME70Z7C9fAuv8pNnAkRTmO/Pt1C','','','',0,'小学','0','1'),(70,'昆山市玉山镇振华实验小学','$2y$10$YZe.Qkj.LHwtRvjVvzOT/.nnDnXDXgYeq/RF24seX2MIZvzm7Juxe','张磊','鹿城路618号','15850312536',0,'小学','0','1'),(71,'昆山市裕元实验学校','$2y$10$afiRXv.Aynel9949uMSr3.6/N6wL4kI47fsg7.ybu.1E3xA3PA/jO','牟康','昆山市裕元实验学校','130632754281',0,'小学','0','1'),(72,'昆山市张浦镇第二小学','$2y$10$AYFP6poznJ9jXoufXnnPj.XWrUnN7Jtc9kUyqLIzc.PGh5T/qJeUS','徐小寒','昆山市张浦镇第二小学','18896902119',0,'小学','0','1'),(73,'昆山市张浦镇周巷小学','$2y$10$HkUVaTUtw8igO23MphDOz.X0OM.uvhrS7o7RXKgS81Iun/K5VBaje','马静强','江苏省昆山市张浦镇周东路9号','18662260963',7,'小学','0','1'),(74,'昆山市张浦中心小学校','$2y$10$l5HtFE..B5nzinQ764XkEujnxnME70Z7C9fAuv8pNnAkRTmO/Pt1C','','','',0,'小学','0','1'),(75,'昆山市正仪中心小学校','$2y$10$JvH.9P0aE3mjqjCYXwu4Uu23GYd/fZRGDE5.11ViiuwMIy7ueymT.','王龙','昆山市巴城镇正仪街道信义路10号','15950160014',0,'小学','0','1'),(76,'昆山市周市华城美地小学','$2y$10$vGjIMzKJ.xI3i4CDsYFF8uguXFTef43Onw/8z75qbD8NN/AlIjgLq','朱正良','昆山市周市镇鑫茂路1208号','15995654439',0,'小学','0','1'),(77,'昆山市周市镇永平小学','$2y$10$QsKsyLKQE7SE9DKyQskZEezdlALCGEB5PC0eu9C1u/GsMVVZvrPw6','孙玉柱','昆山市周市镇永平小学','13913281783',9,'小学','0','1'),(78,'昆山市周市中心小学校','$2y$10$S0l1y0uSTMd6CKFWG/Im0e05Kzsf21wkTksWUvxjQyGpyu6cIGKIK','杨立群','周市镇和慧路1号','57627501',8,'小学','0','1'),(79,'昆山市周庄中心小学校','$2y$10$O2RSa.lv4UvmY/x60o24Jem8YTS00U6qR4vYVQDJZ3CzQjHGJ.ILC','黄强','昆山市周庄镇淀南路269号','13511620346',0,'小学','0','1'),(80,'开发区中华园幼儿园','$2y$10$l5HtFE..B5nzinQ764XkEujnxnME70Z7C9fAuv8pNnAkRTmO/Pt1C','','','',0,'幼儿园','0','1'),(81,'昆山博顿幼儿园','$2y$10$l5HtFE..B5nzinQ764XkEujnxnME70Z7C9fAuv8pNnAkRTmO/Pt1C','','','',0,'幼儿园','0','1'),(82,'昆山大公翔艺幼儿园','$2y$10$l5HtFE..B5nzinQ764XkEujnxnME70Z7C9fAuv8pNnAkRTmO/Pt1C','','','',0,'幼儿园','0','1'),(83,'昆山淀山湖中心小学校花园幼儿园','$2y$10$l5HtFE..B5nzinQ764XkEujnxnME70Z7C9fAuv8pNnAkRTmO/Pt1C','','','',0,'幼儿园','0','1'),(84,'昆山东方合丰幼儿园','$2y$10$l5HtFE..B5nzinQ764XkEujnxnME70Z7C9fAuv8pNnAkRTmO/Pt1C','','','',0,'幼儿园','0','1'),(85,'昆山东方剑桥中城幼儿园','$2y$10$l5HtFE..B5nzinQ764XkEujnxnME70Z7C9fAuv8pNnAkRTmO/Pt1C','','','',0,'幼儿园','0','1'),(86,'昆山高新区翰林幼儿园','$2y$10$l5HtFE..B5nzinQ764XkEujnxnME70Z7C9fAuv8pNnAkRTmO/Pt1C','','','',0,'幼儿园','0','1'),(87,'昆山高新区鹿城幼儿园','$2y$10$l5HtFE..B5nzinQ764XkEujnxnME70Z7C9fAuv8pNnAkRTmO/Pt1C','','','',0,'幼儿园','0','1'),(88,'昆山高新区美陆幼儿园','$2y$10$l5HtFE..B5nzinQ764XkEujnxnME70Z7C9fAuv8pNnAkRTmO/Pt1C','','','',0,'幼儿园','0','1'),(89,'昆山高新区南星渎幼儿园','$2y$10$l5HtFE..B5nzinQ764XkEujnxnME70Z7C9fAuv8pNnAkRTmO/Pt1C','','','',0,'幼儿园','0','1'),(90,'昆山高新区前进幼儿园','$2y$10$l5HtFE..B5nzinQ764XkEujnxnME70Z7C9fAuv8pNnAkRTmO/Pt1C','','','',0,'幼儿园','0','1'),(91,'昆山高新区新华舍幼儿园','$2y$10$l5HtFE..B5nzinQ764XkEujnxnME70Z7C9fAuv8pNnAkRTmO/Pt1C','','','',0,'幼儿园','0','1'),(92,'昆山国际学校附属幼儿园','$2y$10$l5HtFE..B5nzinQ764XkEujnxnME70Z7C9fAuv8pNnAkRTmO/Pt1C','','','',0,'幼儿园','0','1'),(93,'昆山花桥曹安幼儿园','$2y$10$l5HtFE..B5nzinQ764XkEujnxnME70Z7C9fAuv8pNnAkRTmO/Pt1C','','','',0,'幼儿园','0','1'),(94,'昆山花桥国际商务城花溪幼儿园','$2y$10$l5HtFE..B5nzinQ764XkEujnxnME70Z7C9fAuv8pNnAkRTmO/Pt1C','','','',0,'幼儿园','0','1'),(95,'昆山花桥国际商务城聚福幼儿园','$2y$10$l5HtFE..B5nzinQ764XkEujnxnME70Z7C9fAuv8pNnAkRTmO/Pt1C','','','',0,'幼儿园','0','1'),(96,'昆山花桥国际商务城鑫苑幼儿园','$2y$10$l5HtFE..B5nzinQ764XkEujnxnME70Z7C9fAuv8pNnAkRTmO/Pt1C','','','',0,'幼儿园','0','1'),(97,'昆山经济技术开发区蓬欣幼儿园','$2y$10$l5HtFE..B5nzinQ764XkEujnxnME70Z7C9fAuv8pNnAkRTmO/Pt1C','','','',0,'幼儿园','0','1'),(98,'昆山经济技术开发区世茂幼儿园','$2y$10$l5HtFE..B5nzinQ764XkEujnxnME70Z7C9fAuv8pNnAkRTmO/Pt1C','','','',0,'幼儿园','0','1'),(99,'昆山开发区包桥小学附属美华幼儿园','$2y$10$l5HtFE..B5nzinQ764XkEujnxnME70Z7C9fAuv8pNnAkRTmO/Pt1C','','','',0,'幼儿园','0','1'),(100,'昆山开发区晨曦小学夏驾幼儿园','$2y$10$l5HtFE..B5nzinQ764XkEujnxnME70Z7C9fAuv8pNnAkRTmO/Pt1C','','','',0,'幼儿园','0','1'),(101,'昆山开发区晨曦小学幼儿园','$2y$10$l5HtFE..B5nzinQ764XkEujnxnME70Z7C9fAuv8pNnAkRTmO/Pt1C','','','',0,'幼儿园','0','1'),(102,'昆山开发区东部新城幼儿园','$2y$10$l5HtFE..B5nzinQ764XkEujnxnME70Z7C9fAuv8pNnAkRTmO/Pt1C','','','',0,'幼儿园','0','1'),(103,'昆山开发区世茂蝶湖湾小学幼儿园','$2y$10$l5HtFE..B5nzinQ764XkEujnxnME70Z7C9fAuv8pNnAkRTmO/Pt1C','','','',0,'幼儿园','0','1'),(104,'昆山千灯中心小学校美景幼儿园','$2y$10$l5HtFE..B5nzinQ764XkEujnxnME70Z7C9fAuv8pNnAkRTmO/Pt1C','','','',0,'幼儿园','0','1'),(105,'昆山三之三新城域幼儿园','$2y$10$l5HtFE..B5nzinQ764XkEujnxnME70Z7C9fAuv8pNnAkRTmO/Pt1C','','','',0,'幼儿园','0','1'),(106,'昆山圣欣美德幼儿园','$2y$10$l5HtFE..B5nzinQ764XkEujnxnME70Z7C9fAuv8pNnAkRTmO/Pt1C','','','',0,'幼儿园','0','1'),(107,'昆山市爱儿法幼儿园','$2y$10$l5HtFE..B5nzinQ764XkEujnxnME70Z7C9fAuv8pNnAkRTmO/Pt1C','','','',0,'幼儿园','0','1'),(108,'昆山市巴城镇凤栖园幼儿园','$2y$10$l5HtFE..B5nzinQ764XkEujnxnME70Z7C9fAuv8pNnAkRTmO/Pt1C','','','',0,'幼儿园','0','1'),(109,'昆山市巴城中心校幼儿园','$2y$10$l5HtFE..B5nzinQ764XkEujnxnME70Z7C9fAuv8pNnAkRTmO/Pt1C','','','',0,'幼儿园','0','1'),(110,'昆山市柏庐幼儿园','$2y$10$l5HtFE..B5nzinQ764XkEujnxnME70Z7C9fAuv8pNnAkRTmO/Pt1C','','','',0,'幼儿园','0','1'),(111,'昆山市城北富士康幼儿园','$2y$10$6Md6CoEIV.0tXqHY2gbC8uC.98lIj1vdHzSPy7cuw5EXZEGdKiUPa','','','',0,'幼儿园','0','1'),(112,'昆山市城北中心小学校幼儿园','$2y$10$l5HtFE..B5nzinQ764XkEujnxnME70Z7C9fAuv8pNnAkRTmO/Pt1C','','','',0,'幼儿园','0','1'),(113,'昆山市大市中心小学校附设幼儿园','$2y$10$l5HtFE..B5nzinQ764XkEujnxnME70Z7C9fAuv8pNnAkRTmO/Pt1C','','','',0,'幼儿园','0','1'),(114,'昆山市淀山湖中心小学校幼儿园','$2y$10$l5HtFE..B5nzinQ764XkEujnxnME70Z7C9fAuv8pNnAkRTmO/Pt1C','','','',0,'幼儿园','0','1'),(115,'昆山市东方巴城幼儿园','$2y$10$l5HtFE..B5nzinQ764XkEujnxnME70Z7C9fAuv8pNnAkRTmO/Pt1C','','','',0,'幼儿园','0','1'),(116,'昆山市东方幼儿园','$2y$10$l5HtFE..B5nzinQ764XkEujnxnME70Z7C9fAuv8pNnAkRTmO/Pt1C','','','',0,'幼儿园','0','1'),(117,'昆山市枫景苑翔艺幼儿园','$2y$10$l5HtFE..B5nzinQ764XkEujnxnME70Z7C9fAuv8pNnAkRTmO/Pt1C','','','',0,'幼儿园','0','1'),(118,'昆山市汉浦书香幼儿园','$2y$10$l5HtFE..B5nzinQ764XkEujnxnME70Z7C9fAuv8pNnAkRTmO/Pt1C','','','',0,'幼儿园','0','1'),(119,'昆山市红峰幼儿园','$2y$10$l5HtFE..B5nzinQ764XkEujnxnME70Z7C9fAuv8pNnAkRTmO/Pt1C','','','',0,'幼儿园','0','1'),(120,'昆山市花桥中心小学校幼儿园','$2y$10$l5HtFE..B5nzinQ764XkEujnxnME70Z7C9fAuv8pNnAkRTmO/Pt1C','','','',0,'幼儿园','0','1'),(121,'昆山市机关幼儿园','$2y$10$l5HtFE..B5nzinQ764XkEujnxnME70Z7C9fAuv8pNnAkRTmO/Pt1C','','','',0,'幼儿园','0','1'),(122,'昆山市江南春晓幼儿园','$2y$10$l5HtFE..B5nzinQ764XkEujnxnME70Z7C9fAuv8pNnAkRTmO/Pt1C','','','',0,'幼儿园','0','1'),(123,'昆山市锦华幼儿园','$2y$10$l5HtFE..B5nzinQ764XkEujnxnME70Z7C9fAuv8pNnAkRTmO/Pt1C','','','',0,'幼儿园','0','1'),(124,'昆山市锦溪中心小学校幼儿园','$2y$10$l5HtFE..B5nzinQ764XkEujnxnME70Z7C9fAuv8pNnAkRTmO/Pt1C','','','',0,'幼儿园','0','1'),(125,'昆山市陆家好孩子幼儿园','$2y$10$l5HtFE..B5nzinQ764XkEujnxnME70Z7C9fAuv8pNnAkRTmO/Pt1C','','','',0,'幼儿园','0','1'),(126,'昆山市陆杨中心校幼儿园','$2y$10$l5HtFE..B5nzinQ764XkEujnxnME70Z7C9fAuv8pNnAkRTmO/Pt1C','','','',0,'幼儿园','0','1'),(127,'昆山市南港中心小学附设幼儿园','$2y$10$l5HtFE..B5nzinQ764XkEujnxnME70Z7C9fAuv8pNnAkRTmO/Pt1C','','','',0,'幼儿园','0','1'),(128,'昆山市蓬朗中心小学校幼儿园','$2y$10$l5HtFE..B5nzinQ764XkEujnxnME70Z7C9fAuv8pNnAkRTmO/Pt1C','','','',0,'幼儿园','0','1'),(129,'昆山市千灯镇浦园幼儿园','$2y$10$l5HtFE..B5nzinQ764XkEujnxnME70Z7C9fAuv8pNnAkRTmO/Pt1C','','','',0,'幼儿园','0','1'),(130,'昆山市千灯镇少卿幼儿园','$2y$10$l5HtFE..B5nzinQ764XkEujnxnME70Z7C9fAuv8pNnAkRTmO/Pt1C','','','',0,'幼儿园','0','1'),(131,'昆山市千灯镇淞南幼儿园','$2y$10$l5HtFE..B5nzinQ764XkEujnxnME70Z7C9fAuv8pNnAkRTmO/Pt1C','','','',0,'幼儿园','0','1'),(132,'昆山市千灯中心校幼儿园','$2y$10$l5HtFE..B5nzinQ764XkEujnxnME70Z7C9fAuv8pNnAkRTmO/Pt1C','','','',0,'幼儿园','0','1'),(133,'昆山市仁宝幼儿园','$2y$10$l5HtFE..B5nzinQ764XkEujnxnME70Z7C9fAuv8pNnAkRTmO/Pt1C','','','',0,'幼儿园','0','1'),(134,'昆山市三之三大德世家幼儿园','$2y$10$l5HtFE..B5nzinQ764XkEujnxnME70Z7C9fAuv8pNnAkRTmO/Pt1C','','','',0,'幼儿园','0','1'),(135,'昆山市三之三幼儿园','$2y$10$l5HtFE..B5nzinQ764XkEujnxnME70Z7C9fAuv8pNnAkRTmO/Pt1C','','','',0,'幼儿园','0','1'),(136,'昆山市圣欣幼儿园','$2y$10$l5HtFE..B5nzinQ764XkEujnxnME70Z7C9fAuv8pNnAkRTmO/Pt1C','','','',0,'幼儿园','0','1'),(137,'昆山市石牌中心小学校幼儿园','$2y$10$l5HtFE..B5nzinQ764XkEujnxnME70Z7C9fAuv8pNnAkRTmO/Pt1C','','','',0,'幼儿园','0','1'),(138,'昆山市石浦中心小学校幼儿园','$2y$10$l5HtFE..B5nzinQ764XkEujnxnME70Z7C9fAuv8pNnAkRTmO/Pt1C','','','',0,'幼儿园','0','1'),(139,'昆山市实验幼儿园','$2y$10$l5HtFE..B5nzinQ764XkEujnxnME70Z7C9fAuv8pNnAkRTmO/Pt1C','','','',0,'幼儿园','0','1'),(140,'昆山市实验幼儿园金谷园分园','$2y$10$l5HtFE..B5nzinQ764XkEujnxnME70Z7C9fAuv8pNnAkRTmO/Pt1C','','','',0,'幼儿园','0','1'),(141,'昆山市实验幼儿园澞河苑分园','$2y$10$l5HtFE..B5nzinQ764XkEujnxnME70Z7C9fAuv8pNnAkRTmO/Pt1C','','','',0,'幼儿园','0','1'),(142,'昆山市私立育英幼儿园','$2y$10$l5HtFE..B5nzinQ764XkEujnxnME70Z7C9fAuv8pNnAkRTmO/Pt1C','','','',0,'幼儿园','0','1'),(143,'昆山市西塘街小学附属幼儿园','$2y$10$l5HtFE..B5nzinQ764XkEujnxnME70Z7C9fAuv8pNnAkRTmO/Pt1C','','','',0,'幼儿园','0','1'),(144,'昆山市西湾幼儿园','$2y$10$l5HtFE..B5nzinQ764XkEujnxnME70Z7C9fAuv8pNnAkRTmO/Pt1C','','','',0,'幼儿园','0','1'),(145,'昆山市西湾幼儿园富华分园','$2y$10$l5HtFE..B5nzinQ764XkEujnxnME70Z7C9fAuv8pNnAkRTmO/Pt1C','','','',0,'幼儿园','0','1'),(146,'昆山市新镇中心小学附设幼儿园','$2y$10$l5HtFE..B5nzinQ764XkEujnxnME70Z7C9fAuv8pNnAkRTmO/Pt1C','','','',0,'幼儿园','0','1'),(147,'昆山市星空艺术幼儿园','$2y$10$l5HtFE..B5nzinQ764XkEujnxnME70Z7C9fAuv8pNnAkRTmO/Pt1C','','','',0,'幼儿园','0','1'),(148,'昆山市绣衣幼儿园','$2y$10$l5HtFE..B5nzinQ764XkEujnxnME70Z7C9fAuv8pNnAkRTmO/Pt1C','','','',0,'幼儿园','0','1'),(149,'昆山市玉山镇北珊湾幼儿园','$2y$10$l5HtFE..B5nzinQ764XkEujnxnME70Z7C9fAuv8pNnAkRTmO/Pt1C','','','',0,'幼儿园','0','1'),(150,'昆山市玉山镇朝阳幼儿园','$2y$10$l5HtFE..B5nzinQ764XkEujnxnME70Z7C9fAuv8pNnAkRTmO/Pt1C','','','',0,'幼儿园','0','1'),(151,'昆山市玉山镇城北福娃幼儿园','$2y$10$l5HtFE..B5nzinQ764XkEujnxnME70Z7C9fAuv8pNnAkRTmO/Pt1C','','','',0,'幼儿园','0','1'),(152,'昆山市玉山镇城中幼儿园','$2y$10$l5HtFE..B5nzinQ764XkEujnxnME70Z7C9fAuv8pNnAkRTmO/Pt1C','','','',0,'幼儿园','0','1'),(153,'昆山市玉山镇城中幼儿园共青分园','$2y$10$l5HtFE..B5nzinQ764XkEujnxnME70Z7C9fAuv8pNnAkRTmO/Pt1C','','','',0,'幼儿园','0','1'),(154,'昆山市玉山镇第三中心幼儿园','$2y$10$l5HtFE..B5nzinQ764XkEujnxnME70Z7C9fAuv8pNnAkRTmO/Pt1C','','','',0,'幼儿园','0','1'),(155,'昆山市玉山镇第一中心小学校幼儿园','$2y$10$l5HtFE..B5nzinQ764XkEujnxnME70Z7C9fAuv8pNnAkRTmO/Pt1C','','','',0,'幼儿园','0','1'),(156,'昆山市玉山镇司徒街小学附属幼儿园','$2y$10$l5HtFE..B5nzinQ764XkEujnxnME70Z7C9fAuv8pNnAkRTmO/Pt1C','','','',0,'幼儿园','0','1'),(157,'昆山市玉山镇童心幼儿园','$2y$10$l5HtFE..B5nzinQ764XkEujnxnME70Z7C9fAuv8pNnAkRTmO/Pt1C','','','',0,'幼儿园','0','1'),(158,'昆山市玉山镇振华实验小学附属幼儿园','$2y$10$l5HtFE..B5nzinQ764XkEujnxnME70Z7C9fAuv8pNnAkRTmO/Pt1C','','','',0,'幼儿园','0','1'),(159,'昆山市裕元实验学校附设幼儿园','$2y$10$l5HtFE..B5nzinQ764XkEujnxnME70Z7C9fAuv8pNnAkRTmO/Pt1C','','','',0,'幼儿园','0','1'),(160,'昆山市张浦镇第二幼儿园','$2y$10$l5HtFE..B5nzinQ764XkEujnxnME70Z7C9fAuv8pNnAkRTmO/Pt1C','','','',0,'幼儿园','0','1'),(161,'昆山市张浦镇锦程幼儿园','$2y$10$l5HtFE..B5nzinQ764XkEujnxnME70Z7C9fAuv8pNnAkRTmO/Pt1C','','','',0,'幼儿园','0','1'),(162,'昆山市张浦镇周巷小学附属幼儿园','$2y$10$l5HtFE..B5nzinQ764XkEujnxnME70Z7C9fAuv8pNnAkRTmO/Pt1C','','','',0,'幼儿园','0','1'),(163,'昆山市张浦中心幼儿园','$2y$10$l5HtFE..B5nzinQ764XkEujnxnME70Z7C9fAuv8pNnAkRTmO/Pt1C','','','',0,'幼儿园','0','1'),(164,'昆山市正仪中心小学附属幼儿园','$2y$10$l5HtFE..B5nzinQ764XkEujnxnME70Z7C9fAuv8pNnAkRTmO/Pt1C','','','',0,'幼儿园','0','1'),(165,'昆山市周市镇光大幼儿园','$2y$10$l5HtFE..B5nzinQ764XkEujnxnME70Z7C9fAuv8pNnAkRTmO/Pt1C','','','',0,'幼儿园','0','1'),(166,'昆山市周市中心小学校附属幼儿园','$2y$10$l5HtFE..B5nzinQ764XkEujnxnME70Z7C9fAuv8pNnAkRTmO/Pt1C','','','',0,'幼儿园','0','1'),(167,'昆山市周庄中心幼儿园','$2y$10$l5HtFE..B5nzinQ764XkEujnxnME70Z7C9fAuv8pNnAkRTmO/Pt1C','','','',0,'幼儿园','0','1'),(168,'昆山鑫茂幼儿园','$2y$10$l5HtFE..B5nzinQ764XkEujnxnME70Z7C9fAuv8pNnAkRTmO/Pt1C','','','',0,'幼儿园','0','1'),(169,'昆山阳光圣杰幼儿园','$2y$10$l5HtFE..B5nzinQ764XkEujnxnME70Z7C9fAuv8pNnAkRTmO/Pt1C','','','',0,'幼儿园','0','1'),(170,'昆山玉山镇童乐幼儿园','$2y$10$l5HtFE..B5nzinQ764XkEujnxnME70Z7C9fAuv8pNnAkRTmO/Pt1C','','','',0,'幼儿园','0','1'),(171,'昆山周市宏盛幼儿园','$2y$10$l5HtFE..B5nzinQ764XkEujnxnME70Z7C9fAuv8pNnAkRTmO/Pt1C','','','',0,'幼儿园','0','1'),(172,'昆山周市金澄幼儿园','$2y$10$l5HtFE..B5nzinQ764XkEujnxnME70Z7C9fAuv8pNnAkRTmO/Pt1C','','','',0,'幼儿园','0','1'),(173,'昆山周市五丰幼儿园','$2y$10$l5HtFE..B5nzinQ764XkEujnxnME70Z7C9fAuv8pNnAkRTmO/Pt1C','','','',0,'幼儿园','0','1'),(174,'中福会绿地昆山幼儿园','$2y$10$l5HtFE..B5nzinQ764XkEujnxnME70Z7C9fAuv8pNnAkRTmO/Pt1C','','','',0,'幼儿园','0','1'),(175,'昆山国际学校','$2y$10$J9Uo0K108kqMBm/SDGL1jOMZS6yZli55xWTb2lxPhNOtp1qYJwMq2','陆丽梅','青阳中路288号昆山国际学校','18020216085',0,'中小学','0','1'),(176,'昆山经济技术开发区国际学校','$2y$10$l5HtFE..B5nzinQ764XkEujnxnME70Z7C9fAuv8pNnAkRTmO/Pt1C','','','',0,'中小学','0','1'),(177,'江苏省昆山第二中等专业学校','$2y$10$l5HtFE..B5nzinQ764XkEujnxnME70Z7C9fAuv8pNnAkRTmO/Pt1C','','','',0,'中职','0','1'),(178,'江苏省昆山第一中等专业学校','$2y$10$k3bchdprnaI7ddCg8mkckOWdwyGskh10IMmRiA/f/h4lJQS1f6Cyu','谢静','祖冲之南路1768号','18012689135',4,'中职','0','1'),(179,'昆山花桥国际商务城中等专业学校','$2y$10$l5HtFE..B5nzinQ764XkEujnxnME70Z7C9fAuv8pNnAkRTmO/Pt1C','','','',0,'中职','0','1'),(180,'苏州福纳影视艺术学校','$2y$10$l5HtFE..B5nzinQ764XkEujnxnME70Z7C9fAuv8pNnAkRTmO/Pt1C','','','',0,'中职','0','1'),(181,'昆山市华城美地幼儿园','$2y$10$l5HtFE..B5nzinQ764XkEujnxnME70Z7C9fAuv8pNnAkRTmO/Pt1C','','','',0,'幼儿园','0','1'),(187,'昆山市代表队','$2y$10$aW4.P/Keb5nQrw9qm3Uu3elM3qev8EbKKJK/f7zeb8CCbqXHIhPoC','董洪锋','昆山市青少年宫','18912660283',0,'中小学','0','1'),(186,'昆山市周庄中心幼儿园新镇区分园','$2y$10$l5HtFE..B5nzinQ764XkEujnxnME70Z7C9fAuv8pNnAkRTmO/Pt1C','','','',0,'幼儿园','0','1'),(182,'昆山市陆家镇菉溪小学','$2y$10$jvRuZdFwllDb.K59CPKnVujfHCIoO/zOt6hG3b7YCENI48VosGrA6','曹创建','陆家镇光夏路588号菉溪小学','13584959763',17,'小学','0','1'),(185,'昆山市高新区小河岸小学','$2y$10$e4RyVyuAg/4BzGNVJKu0TuBIUlvtJKYyTElPSZX5QzZWh4.PRXmVy','谈琴芳','昆山市城北中心小学校','13776312582',0,'小学','0','1'),(183,'昆山市爱心学校','$2y$10$l5HtFE..B5nzinQ764XkEujnxnME70Z7C9fAuv8pNnAkRTmO/Pt1C','','','',0,'小学','0','1'),(184,'昆山黄浦幼儿园','$2y$10$l5HtFE..B5nzinQ764XkEujnxnME70Z7C9fAuv8pNnAkRTmO/Pt1C','','','',0,'幼儿园','0','1');

UNLOCK TABLES;

/*!40101 SET SQL_MODE=@OLD_SQL_MODE */;
/*!40014 SET FOREIGN_KEY_CHECKS=@OLD_FOREIGN_KEY_CHECKS */;
/*!40014 SET UNIQUE_CHECKS=@OLD_UNIQUE_CHECKS */;
/*!40111 SET SQL_NOTES=@OLD_SQL_NOTES */;
